time_entry_id,engagement_id,entry_date,hours,billable
1,201,2024-08-02,2.7,True
2,220,2024-08-15,2.3,True
3,89,2023-02-09,6.3,True
4,95,2023-04-02,6.5,True
5,134,2023-07-28,12.2,True
6,95,2024-06-16,10.7,True
7,62,2023-02-24,4.5,True
8,156,2023-02-28,2.1,True
9,100,2023-01-23,4.0,True
10,208,2023-05-15,,True
11,49,2024-10-05,4.3,True
12,98,2024-05-19,3.3,True
13,117,2024-05-16,5.9,True
14,200,2023-07-24,3.5,False
15,128,2024-03-13,3.2,True
16,16,2024-06-29,6.2,True
17,75,2024-01-08,3.7,True
18,195,2024-08-22,5.9,True
19,60,2024-02-03,6.0,True
20,75,2023-08-16,2.2,True
21,34,2024-03-23,3.5,True
22,159,2024-10-22,13.6,True
23,31,2024-08-01,2.2,True
24,81,2023-12-15,1.1,False
25,157,2024-02-22,1.3,True
26,198,2024-11-14,5.1,True
27,49,2024-06-08,5.1,True
28,74,2023-12-18,4.6,True
29,26,2023-07-16,11.6,True
30,97,2024-09-26,0.8,True
31,220,2024-11-14,6.5,True
32,67,2023-02-19,14.8,True
33,58,2023-01-23,2.2,True
34,88,2023-03-22,3.8,True
35,198,2023-09-28,2.9,True
36,121,2023-04-22,2.6,True
37,135,2024-09-09,3.9,True
38,172,2024-10-01,13.5,True
39,158,2023-05-07,17.9,True
40,132,2024-08-03,3.9,False
41,124,2023-04-09,18.8,True
42,118,2024-07-05,5.1,True
43,40,2023-09-13,16.9,True
44,92,2023-01-29,4.6,True
45,187,2023-10-27,5.4,True
46,9,2024-07-29,84.6,True
47,183,2024-10-15,40.0,True
48,125,2023-03-26,9.0,False
49,77,2024-08-08,,True
50,26,2023-07-25,9.8,True
51,169,2023-11-21,3.8,True
52,1,2023-03-18,3.5,True
53,120,2024-11-12,9.4,True
54,36,2024-07-07,5.1,True
55,200,2024-03-25,6.0,True
56,41,2024-05-23,,True
57,177,2024-09-03,6.3,True
58,127,2023-04-11,6.7,True
59,10,2023-06-22,1.3,True
60,159,2023-01-27,7.9,True
61,194,2023-12-09,2.5,True
62,49,2023-12-12,1.8,True
63,214,2023-01-21,4.8,True
64,176,2024-04-08,5.3,False
65,164,2023-01-07,3.0,True
66,74,2024-07-09,8.9,True
67,27,2024-05-08,1.9,False
68,95,2024-07-24,,False
69,178,2023-03-24,3.3,True
70,130,2024-09-01,4.8,True
71,143,2024-01-19,104.8,True
72,172,2024-08-27,2.4,False
73,75,2024-05-02,8.2,True
74,9,2024-04-04,5.2,True
75,195,2023-01-23,1.3,True
76,135,2024-04-29,1.3,False
77,125,2023-11-11,4.9,True
78,127,2024-08-17,,True
79,188,2024-04-23,4.6,True
80,170,2023-02-22,4.9,True
81,148,2024-09-14,5.8,True
82,173,2023-02-14,9.6,True
83,64,2023-07-29,2.3,True
84,157,2023-06-01,2.2,True
85,215,2024-11-12,,True
86,52,2023-04-18,6.1,True
87,126,2024-08-14,11.8,True
88,150,2023-06-05,3.7,True
89,114,2024-03-31,0.9,False
90,214,2023-03-05,1.5,True
91,89,2023-10-02,2.8,False
92,48,2024-03-12,3.4,True
93,30,2024-05-12,3.7,True
94,187,2024-09-02,5.1,True
95,151,2024-07-25,4.0,True
96,128,2023-12-30,10.3,True
97,95,2023-08-01,3.1,True
98,91,2023-07-02,2.7,True
99,206,2024-11-25,6.9,True
100,150,2024-03-01,1.7,True
101,213,2024-09-28,6.5,True
102,177,2023-10-31,5.3,True
103,169,2023-12-06,4.5,False
104,122,2024-08-01,15.1,True
105,54,2024-05-20,3.2,True
106,144,2023-05-21,21.0,True
107,158,2024-01-02,4.2,False
108,115,2023-05-30,,True
109,5,2024-06-16,5.2,True
110,212,2023-01-21,2.3,True
111,182,2024-08-01,60.4,True
112,78,2024-10-12,6.5,True
113,109,2023-01-17,7.3,True
114,28,2024-03-17,3.2,True
115,207,2023-02-25,9.9,True
116,51,2023-09-10,11.1,False
117,84,2023-08-24,13.5,True
118,95,2023-12-30,7.2,True
119,58,2024-10-04,,True
120,140,2023-11-20,1.3,True
121,219,2023-10-06,4.0,True
122,189,2023-03-06,2.7,True
123,117,2024-09-13,5.4,True
124,29,2023-08-09,3.3,True
125,190,2023-11-20,4.4,True
126,57,2023-03-06,18.5,True
127,201,2023-07-22,4.4,True
128,87,2024-01-23,6.6,True
129,115,2024-09-22,4.2,True
130,97,2023-08-19,,True
131,101,2024-01-28,5.0,True
132,37,2024-09-04,6.8,True
133,122,2023-09-10,11.2,True
134,89,2023-07-26,15.7,False
135,187,2023-02-01,6.2,True
136,105,2024-09-27,7.5,True
137,213,2023-03-19,2.2,True
138,66,2023-05-31,4.7,True
139,73,2023-04-08,9.6,True
140,9,2024-05-10,9.1,True
141,163,2023-09-13,,True
142,17,2024-05-08,9.2,True
143,63,2024-03-01,7.0,True
144,201,2023-01-11,11.5,True
145,135,2023-08-04,6.1,False
146,123,2023-01-03,3.9,True
147,178,2023-02-15,6.3,True
148,170,2023-11-28,0.6,True
149,196,2023-07-05,6.5,True
150,147,2023-03-04,0.4,True
151,99,2023-10-14,1.5,False
152,29,2023-11-13,6.8,False
153,82,2024-11-25,6.9,True
154,156,2024-04-08,2.2,True
155,56,2023-10-03,3.0,True
156,148,2023-11-28,12.9,True
157,30,2023-03-04,3.5,True
158,14,2023-09-28,23.8,True
159,81,2024-02-11,,True
160,51,2023-01-15,6.6,True
161,192,2024-10-05,15.4,True
162,84,2023-12-27,5.4,True
163,93,2024-07-04,2.5,False
164,89,2023-07-12,4.6,True
165,70,2024-08-08,4.8,True
166,202,2023-09-14,1.9,True
167,163,2024-10-11,4.1,True
168,35,2024-01-01,2.9,True
169,48,2024-03-21,9.5,True
170,18,2023-05-23,5.1,True
171,57,2024-11-27,4.1,True
172,145,2023-05-15,4.6,True
173,206,2023-01-24,5.8,True
174,106,2023-11-04,7.6,False
175,18,2024-08-07,2.5,True
176,11,2024-10-06,2.4,True
177,92,2024-08-22,10.7,True
178,59,2024-01-23,3.7,True
179,127,2024-10-03,1.8,True
180,27,2023-12-11,,True
181,51,2023-12-01,,True
182,123,2023-05-07,1.7,False
183,62,2024-07-05,5.8,True
184,81,2023-08-10,8.3,True
185,49,2023-05-17,,True
186,12,2023-09-16,7.7,False
187,76,2024-02-27,1.9,True
188,73,2023-07-09,6.2,True
189,198,2023-09-09,4.0,True
190,197,2023-08-20,3.5,True
191,95,2024-02-22,9.1,True
192,64,2024-05-14,14.0,True
193,92,2024-04-17,17.4,True
194,134,2023-04-09,12.4,True
195,86,2023-08-31,4.6,True
196,167,2024-03-29,6.3,True
197,213,2023-06-01,8.5,True
198,89,2023-02-18,5.4,False
199,26,2023-08-14,5.4,True
200,27,2024-04-20,8.8,True
201,192,2024-04-09,4.8,True
202,92,2023-04-01,3.0,True
203,72,2024-04-18,3.7,True
204,137,2023-05-17,7.7,True
205,211,2024-06-02,5.0,True
206,94,2024-02-01,,True
207,70,2023-03-30,7.9,False
208,190,2023-09-03,3.8,True
209,19,2024-07-26,8.4,False
210,186,2023-10-30,6.5,True
211,115,2024-04-26,2.1,True
212,5,2024-06-07,13.6,True
213,51,2023-01-22,3.5,True
214,150,2024-10-14,1.6,True
215,166,2023-08-23,2.4,True
216,44,2024-07-09,2.4,True
217,145,2023-11-23,5.1,True
218,218,2024-02-08,4.1,True
219,152,2023-09-10,3.9,False
220,155,2024-08-20,7.6,True
221,43,2023-03-24,6.3,True
222,141,2024-09-19,6.2,True
223,156,2023-05-26,6.6,True
224,25,2024-09-10,7.6,False
225,69,2023-01-18,1.1,True
226,195,2023-01-10,3.8,True
227,220,2023-03-07,,True
228,39,2024-01-19,,True
229,161,2023-07-06,4.9,True
230,111,2024-02-23,10.3,True
231,130,2024-07-27,11.4,True
232,113,2023-01-20,5.7,True
233,191,2024-01-04,3.5,True
234,98,2024-06-01,7.0,True
235,130,2023-10-25,,False
236,148,2024-10-09,80.7,True
237,122,2024-04-08,9.9,False
238,194,2023-01-25,3.4,True
239,53,2024-01-15,8.7,True
240,209,2023-09-26,8.0,True
241,150,2023-04-03,2.5,True
242,212,2024-10-27,9.8,True
243,83,2023-06-05,8.1,True
244,106,2023-02-28,5.3,False
245,10,2023-06-05,2.9,True
246,204,2024-07-30,2.7,True
247,180,2024-02-24,3.4,True
248,66,2024-07-27,,True
249,12,2023-11-20,2.5,True
250,154,2023-03-23,6.7,True
251,148,2023-09-29,2.1,True
252,117,2023-05-20,4.3,True
253,35,2024-01-25,5.3,True
254,203,2023-07-08,27.4,True
255,96,2024-11-10,1.9,True
256,160,2023-09-22,13.9,True
257,190,2023-08-08,5.5,True
258,121,2024-11-20,86.4,True
259,21,2023-12-31,5.4,True
260,196,2023-04-30,6.8,True
261,147,2023-12-03,4.4,True
262,197,2023-06-28,,True
263,135,2024-05-16,88.2,True
264,200,2024-02-06,10.9,True
265,191,2024-05-26,3.2,True
266,48,2024-10-20,4.7,True
267,39,2024-05-25,2.3,True
268,36,2023-08-27,6.8,True
269,176,2023-05-22,13.6,True
270,53,2024-01-06,4.7,False
271,100,2023-11-11,4.3,True
272,174,2023-08-08,2.3,True
273,95,2024-07-21,4.2,False
274,14,2024-09-28,1.6,False
275,80,2023-09-25,2.6,True
276,21,2024-04-21,5.8,False
277,85,2024-11-19,12.5,True
278,163,2023-01-09,35.4,True
279,115,2023-09-13,3.3,True
280,149,2024-05-31,13.5,True
281,24,2023-12-15,5.9,True
282,166,2024-07-08,4.5,True
283,94,2023-11-29,6.7,True
284,64,2023-02-15,5.2,True
285,144,2023-10-31,5.4,True
286,30,2023-10-11,3.7,True
287,110,2024-08-14,1.9,False
288,93,2023-04-14,1.7,True
289,37,2023-04-19,7.8,True
290,210,2023-04-10,4.1,True
291,80,2024-02-02,3.3,True
292,9,2024-11-27,5.0,True
293,98,2024-03-09,8.6,True
294,213,2024-07-25,5.6,True
295,148,2024-08-18,3.1,True
296,141,2024-02-25,11.7,True
297,199,2024-03-02,15.0,True
298,19,2023-06-20,7.0,True
299,122,2024-11-03,9.8,True
300,71,2024-07-05,11.8,False
301,149,2024-09-02,10.9,True
302,188,2024-11-19,7.6,True
303,17,2023-09-02,7.5,False
304,35,2023-04-11,7.1,True
305,210,2024-08-24,2.3,False
306,109,2023-11-28,8.1,True
307,70,2024-11-01,1.9,True
308,34,2024-05-01,104.9,True
309,78,2023-06-30,12.3,True
310,2,2023-09-06,8.9,False
311,50,2024-03-03,14.0,True
312,41,2023-10-04,4.1,False
313,19,2023-07-17,2.2,True
314,214,2023-05-27,4.2,False
315,174,2024-03-30,5.3,False
316,207,2023-01-25,5.2,True
317,53,2023-03-07,11.0,False
318,64,2023-01-30,3.8,True
319,63,2024-05-28,6.3,True
320,123,2023-01-21,2.5,True
321,40,2023-10-21,,True
322,52,2023-03-26,5.0,True
323,215,2024-02-16,2.9,True
324,78,2023-01-25,4.2,True
325,172,2023-01-19,4.4,True
326,51,2023-10-15,4.1,True
327,205,2024-05-01,17.1,True
328,153,2023-03-18,4.6,True
329,190,2023-12-14,4.2,False
330,114,2024-07-21,1.1,False
331,200,2024-03-13,2.6,False
332,80,2024-06-09,4.1,True
333,106,2023-08-09,3.1,True
334,14,2024-10-21,13.0,False
335,38,2023-04-13,,True
336,170,2024-02-28,12.2,True
337,72,2023-11-01,5.2,True
338,23,2023-01-23,5.1,True
339,65,2024-10-22,4.7,True
340,78,2024-05-06,5.0,True
341,158,2023-06-09,16.5,True
342,20,2023-02-06,1.0,True
343,6,2024-04-18,1.2,True
344,160,2024-01-17,3.4,True
345,32,2023-02-04,5.0,True
346,93,2024-11-21,8.0,True
347,151,2024-05-17,6.9,True
348,114,2023-11-20,,True
349,28,2023-06-16,10.1,True
350,159,2023-07-09,,True
351,11,2023-11-13,5.6,False
352,52,2023-02-10,9.7,True
353,25,2023-09-15,6.0,True
354,113,2023-06-02,3.3,False
355,152,2023-03-20,8.1,True
356,143,2023-03-30,5.4,True
357,31,2023-08-30,5.0,True
358,76,2023-09-25,13.9,True
359,33,2023-09-03,0.9,True
360,76,2024-04-27,1.8,True
361,51,2024-01-01,2.2,True
362,163,2023-05-15,3.8,True
363,166,2024-11-11,4.1,True
364,181,2024-05-26,1.7,True
365,45,2023-11-26,2.5,False
366,3,2023-02-04,2.7,True
367,8,2024-10-02,27.7,True
368,186,2024-06-05,17.5,True
369,200,2023-11-20,3.7,True
370,47,2023-04-24,3.8,True
371,193,2023-03-17,2.2,True
372,117,2023-07-22,1.3,True
373,41,2023-06-11,4.6,True
374,69,2023-05-27,2.5,True
375,59,2023-10-13,4.7,True
376,168,2023-02-02,1.6,True
377,42,2023-08-16,2.9,True
378,41,2024-09-01,5.5,True
379,159,2024-08-29,,False
380,67,2023-01-06,6.6,True
381,56,2024-04-20,2.0,True
382,178,2024-11-24,9.0,True
383,205,2024-02-09,2.8,True
384,123,2023-10-01,7.7,True
385,183,2023-12-10,4.9,True
386,186,2023-05-30,1.9,True
387,130,2023-10-06,4.0,True
388,183,2024-10-17,6.4,True
389,2,2024-03-04,7.6,True
390,8,2023-10-29,4.5,True
391,195,2023-03-29,14.5,False
392,31,2024-09-26,10.0,True
393,161,2023-04-24,4.1,True
394,93,2024-05-20,8.4,True
395,174,2023-08-01,19.2,True
396,147,2023-07-15,19.5,True
397,16,2023-04-30,2.1,True
398,75,2023-09-20,2.6,True
399,156,2024-04-18,14.0,True
400,203,2023-10-19,2.4,True
401,178,2023-01-18,2.0,True
402,197,2023-07-04,3.5,False
403,211,2023-04-23,6.6,False
404,197,2023-10-09,4.6,True
405,128,2024-09-23,3.1,True
406,74,2024-11-04,3.1,True
407,112,2024-11-29,3.0,False
408,176,2023-03-20,2.7,True
409,94,2023-12-08,24.5,True
410,183,2023-02-01,6.1,True
411,155,2023-12-13,9.2,True
412,47,2024-02-08,3.5,True
413,203,2024-06-25,4.3,True
414,187,2023-08-24,3.0,True
415,132,2023-01-26,0.8,True
416,43,2023-11-14,1.9,True
417,51,2023-10-26,1.4,False
418,185,2024-03-12,1.0,True
419,4,2023-03-11,2.1,False
420,107,2024-03-05,12.5,True
421,137,2023-10-08,4.8,True
422,52,2024-06-01,12.2,True
423,191,2024-11-19,,False
424,115,2023-06-09,,True
425,15,2024-06-11,2.6,True
426,71,2023-03-31,7.1,True
427,88,2024-11-20,8.2,True
428,50,2023-12-03,3.3,True
429,207,2024-06-06,7.3,True
430,80,2024-06-28,7.4,True
431,111,2024-03-01,3.4,True
432,118,2023-09-27,2.3,True
433,49,2024-06-11,2.2,True
434,125,2023-11-30,5.3,True
435,78,2024-04-06,6.2,True
436,3,2024-03-05,2.8,True
437,90,2023-11-21,5.0,True
438,129,2023-03-23,7.4,True
439,26,2023-07-24,7.6,True
440,172,2024-10-18,14.7,True
441,146,2023-12-31,12.1,True
442,69,2024-03-21,2.5,True
443,131,2023-06-30,16.1,True
444,67,2024-05-09,3.4,False
445,143,2023-12-07,10.3,True
446,34,2023-06-03,5.2,True
447,135,2023-04-13,3.7,True
448,13,2023-10-04,1.4,True
449,4,2024-01-31,4.4,True
450,56,2023-07-16,1.7,False
451,39,2023-06-21,9.7,True
452,108,2023-07-08,14.3,True
453,37,2023-07-25,2.8,True
454,54,2024-06-01,6.1,False
455,22,2023-12-16,3.0,True
456,196,2023-11-25,3.2,True
457,162,2023-04-24,8.5,False
458,48,2024-01-17,4.8,False
459,27,2024-11-04,16.7,True
460,188,2024-06-05,3.5,True
461,148,2023-11-09,10.0,True
462,195,2023-08-03,5.3,True
463,40,2023-09-04,8.6,True
464,79,2023-01-19,3.6,True
465,27,2023-01-21,4.8,True
466,94,2024-06-27,4.6,True
467,36,2024-08-13,2.8,True
468,1,2024-11-08,7.9,True
469,112,2024-03-14,7.8,True
470,216,2024-10-12,7.5,True
471,143,2023-10-19,14.5,True
472,167,2023-06-27,13.7,True
473,179,2023-06-21,3.8,True
474,214,2023-06-15,6.4,False
475,29,2024-06-05,3.2,True
476,56,2023-01-07,5.0,False
477,136,2024-10-23,3.3,True
478,181,2024-06-26,15.4,True
479,171,2023-09-24,6.4,True
480,161,2024-05-06,4.3,True
481,69,2023-04-05,11.4,True
482,81,2023-10-29,1.1,True
483,18,2023-03-18,1.2,True
484,70,2023-03-20,8.6,True
485,35,2023-01-05,5.2,True
486,207,2024-07-11,5.9,True
487,21,2024-06-04,2.0,True
488,80,2024-09-17,4.9,True
489,196,2024-11-17,20.1,True
490,211,2024-11-06,8.8,True
491,83,2024-11-25,5.6,True
492,103,2023-01-12,,True
493,116,2024-07-02,3.8,True
494,181,2024-05-21,1.1,True
495,170,2023-04-24,5.9,True
496,116,2023-04-06,9.0,True
497,82,2024-11-15,1.6,True
498,82,2024-09-09,3.1,True
499,143,2023-08-18,2.2,True
500,184,2023-02-22,2.5,True
501,17,2023-08-22,5.1,True
502,170,2023-01-04,1.2,True
503,106,2024-04-26,7.6,True
504,32,2023-09-24,117.8,True
505,22,2023-02-04,4.2,True
506,75,2024-11-16,0.9,True
507,55,2024-08-01,2.5,False
508,23,2024-09-25,11.7,True
509,65,2024-11-29,0.7,True
510,184,2023-01-10,3.9,True
511,158,2024-06-26,2.2,True
512,46,2024-07-05,8.7,True
513,149,2024-07-01,3.1,False
514,100,2023-07-05,6.6,True
515,165,2023-10-01,7.4,True
516,55,2024-10-12,17.9,True
517,14,2023-02-16,4.3,False
518,69,2024-03-24,6.4,True
519,219,2024-07-08,1.8,True
520,123,2024-07-12,11.4,True
521,12,2024-02-23,2.9,True
522,215,2024-06-20,,True
523,182,2024-09-28,4.9,True
524,120,2024-06-20,1.7,True
525,163,2023-03-23,5.8,True
526,41,2023-06-21,9.7,True
527,131,2023-08-02,6.1,True
528,201,2023-08-29,1.6,True
529,97,2023-09-10,4.5,True
530,9,2023-06-03,8.3,True
531,167,2024-04-23,82.8,True
532,161,2023-03-19,2.3,True
533,163,2024-07-05,9.1,True
534,143,2024-04-06,6.0,True
535,31,2024-11-03,6.6,True
536,26,2023-01-05,18.2,True
537,175,2023-07-26,6.9,True
538,189,2024-09-20,7.9,True
539,18,2023-12-12,33.0,True
540,128,2024-01-28,4.3,True
541,111,2023-01-21,2.8,True
542,78,2024-06-17,6.7,True
543,142,2023-06-27,6.7,False
544,202,2024-11-05,3.4,True
545,181,2023-09-19,2.4,True
546,34,2023-05-13,25.0,True
547,102,2024-02-20,6.2,True
548,206,2023-12-01,3.0,True
549,53,2023-11-26,9.4,True
550,188,2024-10-26,4.6,True
551,108,2023-09-13,4.1,True
552,115,2023-10-06,7.3,True
553,56,2024-03-12,2.0,True
554,203,2023-04-30,6.3,True
555,117,2024-08-03,18.9,True
556,127,2023-06-10,6.9,True
557,102,2023-06-19,3.8,True
558,20,2023-01-08,3.5,True
559,172,2023-08-29,3.7,True
560,73,2024-02-12,4.1,True
561,53,2024-05-08,3.8,False
562,173,2024-09-20,,True
563,44,2024-06-28,1.5,True
564,151,2023-08-13,9.1,True
565,105,2024-07-31,3.8,False
566,176,2023-05-17,6.4,True
567,12,2023-05-27,2.3,False
568,171,2023-09-08,12.6,True
569,51,2024-01-13,11.8,False
570,192,2023-05-23,9.7,True
571,78,2024-09-22,1.7,True
572,2,2023-07-09,8.8,True
573,108,2023-10-02,6.6,True
574,13,2024-02-28,1.6,False
575,60,2023-10-28,4.9,True
576,158,2023-10-10,,True
577,124,2024-11-20,,True
578,156,2023-11-02,5.6,True
579,194,2023-03-21,6.1,True
580,103,2024-05-26,13.9,True
581,120,2024-05-08,11.7,False
582,13,2023-06-03,0.7,False
583,64,2024-08-18,4.0,True
584,160,2023-10-02,4.4,True
585,14,2023-04-16,,False
586,80,2023-05-01,5.3,False
587,31,2024-05-15,11.9,True
588,189,2023-06-01,2.3,True
589,124,2023-11-25,6.3,True
590,142,2024-05-28,2.6,True
591,151,2024-08-20,3.1,True
592,50,2023-12-09,13.9,True
593,11,2024-09-27,3.4,True
594,88,2023-07-31,6.8,True
595,41,2024-09-02,,True
596,71,2023-06-25,18.2,True
597,71,2023-02-15,7.6,False
598,173,2024-05-22,4.4,True
599,71,2024-06-13,7.4,True
600,34,2024-10-10,1.8,False
601,211,2024-10-07,11.3,True
602,11,2023-03-13,3.9,True
603,45,2024-03-10,4.3,True
604,77,2024-05-08,3.5,True
605,14,2024-02-25,3.3,False
606,198,2023-01-14,8.1,False
607,78,2023-02-01,5.9,True
608,173,2024-04-14,7.8,True
609,30,2024-08-22,4.9,True
610,115,2023-05-06,7.1,True
611,28,2023-02-02,3.7,True
612,51,2023-10-10,23.6,True
613,90,2023-08-08,1.7,False
614,190,2024-11-19,12.0,True
615,68,2024-10-10,12.9,True
616,167,2024-01-26,2.7,True
617,21,2024-10-26,23.6,True
618,56,2023-06-10,9.9,True
619,133,2024-11-25,9.8,True
620,104,2023-11-09,96.6,True
621,111,2023-11-30,4.3,True
622,150,2023-02-05,4.3,True
623,17,2023-05-05,6.5,True
624,154,2023-05-17,13.2,True
625,190,2023-12-08,5.6,True
626,169,2023-05-13,2.6,True
627,63,2023-03-13,8.8,True
628,78,2024-02-28,9.4,True
629,212,2024-09-02,7.8,True
630,174,2023-02-18,8.3,True
631,205,2024-01-28,4.1,True
632,201,2024-11-03,2.6,True
633,96,2023-10-11,2.7,True
634,29,2023-05-09,1.6,True
635,51,2023-02-25,5.8,False
636,65,2024-10-17,4.7,True
637,184,2023-10-11,3.6,True
638,61,2023-03-15,0.6,False
639,80,2024-08-29,2.1,True
640,188,2024-07-15,10.9,True
641,36,2024-05-07,3.1,True
642,146,2023-03-01,6.4,False
643,122,2023-02-27,1.9,True
644,217,2023-06-03,13.6,True
645,108,2023-04-22,4.5,False
646,115,2024-01-08,6.1,True
647,188,2023-10-02,,True
648,219,2024-06-19,14.3,True
649,161,2023-03-12,4.0,True
650,154,2024-05-24,3.3,True
651,193,2024-10-15,,False
652,216,2023-04-02,7.1,True
653,162,2024-04-01,4.6,True
654,65,2023-12-23,3.8,True
655,142,2023-03-08,13.8,True
656,52,2023-07-24,4.6,False
657,111,2024-07-05,24.8,True
658,98,2024-08-31,5.3,True
659,218,2023-09-15,17.3,False
660,122,2023-03-16,6.4,False
661,212,2023-06-21,9.7,True
662,178,2024-08-13,3.0,True
663,187,2024-02-03,2.7,True
664,38,2023-10-29,,True
665,171,2023-01-10,9.9,True
666,56,2024-07-01,5.1,False
667,128,2023-11-22,2.0,True
668,107,2024-01-17,1.9,True
669,58,2024-08-13,1.8,True
670,217,2024-01-29,1.4,True
671,193,2024-10-11,5.3,True
672,127,2024-01-27,10.9,True
673,3,2023-08-28,4.9,True
674,41,2024-10-07,76.9,True
675,51,2024-03-25,4.3,True
676,214,2024-06-16,4.4,True
677,89,2023-06-08,21.5,True
678,11,2024-04-14,1.8,True
679,129,2024-01-28,3.8,True
680,210,2023-03-15,16.3,True
681,124,2023-06-27,6.8,True
682,98,2024-09-30,7.3,True
683,39,2024-02-04,5.4,True
684,194,2024-06-26,6.2,False
685,24,2023-05-01,8.5,True
686,206,2023-06-02,2.8,True
687,49,2024-10-20,9.2,True
688,31,2023-10-22,1.9,True
689,77,2024-09-12,6.2,True
690,2,2024-07-19,5.6,False
691,4,2023-08-24,3.2,True
692,42,2024-10-26,4.9,True
693,153,2024-06-27,3.2,True
694,180,2023-03-31,2.3,True
695,55,2023-03-08,3.9,False
696,142,2023-03-30,2.3,True
697,78,2024-06-02,6.2,True
698,96,2023-04-11,2.2,False
699,74,2023-07-17,,False
700,197,2023-11-01,2.2,True
701,113,2023-04-05,3.3,True
702,112,2023-08-20,3.2,True
703,190,2024-04-19,12.5,False
704,145,2024-11-11,6.2,True
705,33,2023-11-25,4.3,True
706,42,2024-06-06,7.0,True
707,75,2024-01-07,1.1,True
708,22,2023-11-23,4.8,True
709,153,2023-12-31,20.1,True
710,109,2024-11-01,5.4,True
711,10,2023-02-11,5.2,True
712,89,2023-12-26,7.3,True
713,183,2023-02-05,9.3,True
714,200,2024-09-04,1.2,True
715,212,2024-02-25,1.5,True
716,203,2023-02-03,5.7,True
717,134,2024-03-12,3.0,True
718,204,2023-11-02,12.4,True
719,211,2023-02-03,4.0,True
720,140,2024-11-15,1.3,True
721,91,2023-09-22,2.0,True
722,213,2023-01-17,0.7,True
723,92,2024-03-04,4.2,True
724,37,2023-09-20,4.3,True
725,24,2024-04-04,3.7,True
726,125,2023-04-24,10.5,True
727,8,2024-08-02,11.5,True
728,27,2023-10-22,4.4,False
729,54,2023-10-22,1.1,True
730,117,2024-07-16,7.6,True
731,106,2024-01-19,7.3,True
732,113,2023-01-01,6.2,True
733,112,2024-02-09,9.8,True
734,219,2024-03-28,2.2,True
735,48,2023-08-07,20.2,True
736,105,2023-05-07,2.5,False
737,135,2023-02-07,8.4,True
738,61,2024-08-15,1.5,True
739,40,2023-01-03,2.6,True
740,11,2024-02-13,14.3,False
741,72,2024-08-08,4.1,True
742,56,2023-09-04,8.9,True
743,44,2023-05-21,5.8,True
744,60,2024-05-15,4.6,True
745,154,2024-03-17,12.9,True
746,183,2023-01-11,4.2,True
747,114,2024-02-08,1.4,True
748,15,2023-01-01,,True
749,162,2023-10-07,7.3,True
750,34,2023-08-01,6.5,True
751,13,2024-08-06,1.7,True
752,126,2024-11-15,3.0,True
753,94,2024-05-03,3.3,False
754,69,2024-05-29,3.8,True
755,213,2023-01-16,1.9,True
756,21,2023-02-14,3.2,True
757,12,2024-06-27,3.0,False
758,130,2023-10-27,8.5,True
759,93,2023-12-21,8.7,True
760,177,2024-04-29,4.5,True
761,9,2023-08-31,3.8,True
762,93,2024-04-22,5.5,True
763,33,2024-05-23,2.8,True
764,10,2023-06-18,2.2,True
765,102,2024-04-25,2.6,True
766,162,2023-04-29,3.2,False
767,35,2023-08-06,2.2,True
768,186,2024-06-30,5.5,True
769,115,2024-11-19,8.3,True
770,106,2023-02-15,1.6,True
771,204,2024-03-30,5.0,True
772,73,2024-02-03,4.2,True
773,45,2024-02-29,6.3,False
774,173,2024-07-04,4.9,False
775,24,2023-02-18,1.8,True
776,192,2024-06-01,2.0,True
777,182,2023-07-15,5.1,True
778,215,2023-04-19,10.2,True
779,102,2023-11-09,1.1,True
780,137,2023-01-19,6.3,False
781,195,2024-03-17,11.4,True
782,29,2024-01-31,4.4,True
783,68,2023-12-25,,False
784,104,2023-01-22,3.0,False
785,139,2024-06-18,4.6,True
786,150,2023-01-25,1.6,True
787,204,2023-07-03,1.0,True
788,108,2023-10-05,9.6,True
789,38,2024-05-06,2.5,True
790,42,2023-10-13,3.6,True
791,177,2024-07-25,,True
792,102,2024-10-16,1.8,True
793,139,2024-06-19,4.4,True
794,124,2023-01-28,3.0,True
795,179,2024-06-23,6.5,True
796,49,2023-05-25,6.8,True
797,38,2024-09-13,6.2,True
798,162,2024-11-16,5.9,False
799,96,2023-02-28,14.9,True
800,180,2023-03-11,2.3,True
801,29,2024-05-03,4.8,True
802,60,2023-04-11,10.9,False
803,212,2024-11-09,12.0,True
804,186,2024-01-14,1.8,True
805,14,2024-02-06,4.0,True
806,180,2024-08-25,12.8,True
807,15,2023-06-02,7.1,True
808,27,2024-01-25,5.7,True
809,198,2024-11-30,4.3,False
810,28,2023-01-16,3.8,True
811,67,2023-05-03,6.1,True
812,30,2023-04-13,4.2,True
813,132,2023-08-23,4.8,True
814,13,2023-04-01,5.2,True
815,64,2023-05-01,3.1,True
816,72,2024-08-19,7.2,True
817,143,2023-11-22,38.1,True
818,110,2023-09-08,1.4,True
819,43,2023-10-21,6.2,False
820,103,2024-11-10,2.9,True
821,101,2023-12-10,7.4,True
822,78,2023-11-25,5.1,True
823,118,2024-10-11,8.4,True
824,72,2023-01-27,11.3,True
825,74,2023-12-01,5.7,True
826,173,2024-06-07,10.9,True
827,56,2023-12-27,1.0,True
828,73,2024-08-30,15.1,True
829,31,2024-09-12,6.4,True
830,154,2023-08-24,10.5,True
831,156,2024-07-26,2.1,True
832,150,2023-06-20,2.8,True
833,38,2023-06-17,5.5,True
834,100,2024-11-15,4.9,True
835,65,2023-01-10,6.0,True
836,169,2023-09-05,10.6,True
837,75,2024-03-16,1.4,False
838,92,2023-10-17,9.8,True
839,100,2024-08-14,5.0,True
840,168,2023-06-26,4.3,True
841,155,2024-01-22,1.8,True
842,181,2023-03-29,7.0,True
843,95,2023-05-28,0.9,False
844,181,2023-05-02,7.8,True
845,192,2024-06-02,1.7,True
846,116,2023-05-22,5.1,True
847,150,2024-04-13,4.6,True
848,201,2023-08-30,11.2,False
849,185,2024-01-31,4.4,False
850,61,2024-09-03,3.0,True
851,158,2024-08-27,3.5,True
852,99,2023-01-08,12.1,True
853,33,2024-07-02,7.2,True
854,82,2024-10-30,3.8,True
855,216,2024-04-12,4.2,True
856,211,2023-05-12,1.7,True
857,174,2024-04-10,6.5,True
858,218,2024-03-21,1.4,True
859,126,2024-04-08,8.4,True
860,167,2023-10-28,5.4,True
861,37,2024-01-03,26.3,True
862,66,2024-04-01,,True
863,38,2023-11-21,,True
864,207,2024-06-25,17.4,True
865,136,2024-05-11,11.4,True
866,206,2023-08-01,3.0,True
867,92,2024-03-03,5.8,True
868,89,2024-06-13,5.0,True
869,149,2023-12-09,6.0,True
870,125,2024-05-15,3.0,True
871,82,2023-03-30,4.7,True
872,70,2023-09-28,1.6,True
873,113,2024-05-06,5.4,True
874,17,2024-09-18,6.8,True
875,42,2024-03-28,4.2,True
876,10,2024-04-09,1.6,False
877,35,2023-08-28,9.9,True
878,44,2024-05-05,,True
879,17,2023-09-07,3.0,True
880,13,2023-02-06,4.1,True
881,181,2023-06-22,1.7,True
882,41,2024-03-03,2.4,True
883,123,2024-11-04,3.4,True
884,22,2023-12-14,11.7,False
885,209,2024-08-25,3.2,True
886,53,2024-06-28,7.8,True
887,165,2024-01-28,3.4,False
888,142,2024-07-17,5.9,True
889,170,2023-10-09,4.5,True
890,139,2023-11-06,9.1,True
891,112,2024-05-30,3.4,True
892,170,2024-03-23,1.6,True
893,180,2024-01-05,1.9,True
894,84,2023-10-31,3.4,True
895,208,2024-11-14,2.1,True
896,218,2023-02-15,6.6,True
897,159,2023-02-08,3.6,False
898,205,2023-12-02,26.1,True
899,24,2023-01-25,1.5,True
900,119,2023-08-27,5.7,False
901,144,2024-02-03,2.2,False
902,205,2023-10-11,3.5,True
903,27,2023-05-23,5.5,True
904,178,2023-07-19,1.0,True
905,17,2024-02-28,5.8,True
906,79,2024-10-27,18.8,True
907,153,2024-06-30,3.6,True
908,65,2024-01-19,5.9,True
909,184,2023-04-07,10.1,True
910,205,2023-06-19,4.4,True
911,35,2023-11-05,3.3,True
912,57,2023-06-22,1.0,True
913,17,2024-04-27,7.8,True
914,157,2023-09-14,4.6,False
915,196,2024-08-06,2.4,False
916,133,2023-07-08,5.4,True
917,30,2023-12-14,3.3,True
918,39,2024-05-15,3.4,False
919,8,2023-05-25,7.6,False
920,108,2024-06-17,1.9,False
921,159,2024-02-15,10.3,True
922,34,2024-03-29,1.9,True
923,187,2023-11-15,3.1,True
924,56,2024-10-16,19.0,True
925,114,2024-06-24,10.9,True
926,147,2023-05-15,5.3,True
927,119,2024-01-24,2.6,True
928,106,2024-09-24,3.4,True
929,75,2023-07-15,5.2,True
930,95,2024-01-11,5.1,True
931,53,2024-06-12,4.6,True
932,65,2023-07-11,4.8,True
933,167,2023-12-29,4.3,False
934,195,2024-01-23,1.8,True
935,187,2023-05-05,,True
936,73,2023-05-05,9.4,True
937,71,2024-01-30,1.9,True
938,13,2023-05-06,4.3,True
939,61,2024-10-25,2.8,True
940,129,2024-01-02,5.4,False
941,59,2024-05-08,3.8,True
942,162,2023-10-05,13.9,False
943,12,2023-07-29,7.1,True
944,91,2023-12-07,2.0,True
945,62,2024-05-12,7.9,True
946,109,2023-10-06,2.9,True
947,6,2023-07-17,3.3,False
948,93,2023-04-11,6.2,True
949,174,2024-01-15,3.5,True
950,189,2024-04-20,9.3,True
951,57,2024-01-04,2.9,False
952,95,2023-06-28,3.2,True
953,152,2023-06-23,3.1,True
954,103,2023-09-21,3.3,True
955,120,2023-09-01,10.7,True
956,76,2023-05-23,7.7,True
957,185,2024-10-21,16.4,True
958,139,2023-08-19,24.2,True
959,212,2023-06-25,2.4,True
960,172,2024-02-29,5.2,True
961,81,2024-07-14,2.2,True
962,73,2023-11-22,2.9,True
963,20,2024-04-12,3.2,True
964,137,2023-03-08,2.4,False
965,165,2024-01-08,2.4,True
966,78,2023-02-16,4.5,True
967,5,2023-04-07,2.1,False
968,182,2024-02-19,8.9,True
969,50,2023-05-24,2.6,True
970,129,2023-01-26,35.4,True
971,12,2023-05-06,3.6,True
972,14,2024-06-24,5.2,True
973,198,2024-02-15,2.0,True
974,148,2023-09-25,16.4,True
975,2,2024-11-12,10.8,True
976,23,2023-09-28,6.1,False
977,109,2024-09-06,1.9,True
978,150,2023-08-30,5.7,False
979,94,2023-01-18,2.3,True
980,193,2023-03-19,13.8,False
981,144,2023-07-11,8.7,True
982,136,2023-05-11,5.3,False
983,64,2023-04-21,0.9,True
984,151,2023-09-26,2.5,True
985,193,2024-11-13,8.0,True
986,11,2023-05-21,11.6,True
987,162,2023-06-14,10.8,True
988,194,2024-11-27,1.6,False
989,96,2023-05-21,6.1,True
990,169,2024-08-04,10.1,False
991,79,2024-03-10,1.6,True
992,43,2024-10-11,4.9,True
993,180,2024-01-25,6.0,False
994,69,2024-02-20,4.0,True
995,167,2023-06-08,1.4,True
996,70,2024-02-07,3.9,True
997,88,2024-04-14,3.9,True
998,151,2024-11-21,4.5,True
999,76,2023-03-09,3.3,True
1000,178,2023-04-20,3.6,True
1001,9,2023-01-14,4.8,True
1002,3,2024-07-07,68.5,True
1003,18,2023-02-27,4.0,True
1004,57,2024-10-02,,True
1005,12,2023-09-13,5.3,False
1006,84,2023-07-21,1.3,False
1007,6,2024-11-13,6.9,False
1008,167,2024-05-19,5.0,True
1009,34,2024-01-19,5.1,True
1010,214,2024-09-14,9.7,True
1011,189,2024-06-12,1.3,True
1012,153,2024-03-22,1.2,False
1013,176,2023-08-14,6.0,True
1014,171,2024-11-21,4.9,True
1015,187,2024-05-18,5.6,False
1016,123,2024-10-23,3.6,True
1017,138,2024-11-07,7.9,True
1018,104,2024-01-20,9.5,True
1019,138,2023-09-08,7.0,True
1020,84,2024-10-25,4.1,True
1021,28,2024-11-30,1.1,True
1022,205,2023-03-27,8.5,True
1023,154,2024-03-22,11.6,True
1024,156,2024-02-26,7.8,True
1025,62,2024-06-08,2.7,True
1026,170,2024-11-13,7.9,True
1027,115,2023-06-26,9.0,True
1028,17,2024-11-14,14.7,True
1029,211,2024-03-26,2.7,True
1030,219,2023-02-27,4.2,True
1031,192,2023-12-24,8.4,True
1032,105,2023-04-04,5.2,True
1033,52,2024-10-31,2.3,True
1034,3,2024-06-18,6.6,False
1035,163,2024-09-25,7.4,False
1036,197,2024-02-26,5.3,False
1037,23,2023-10-05,5.8,True
1038,151,2023-10-27,4.1,False
1039,6,2024-10-24,13.9,True
1040,171,2023-04-17,2.6,True
1041,7,2024-09-11,3.3,False
1042,215,2023-10-23,5.0,True
1043,38,2024-02-18,9.2,True
1044,89,2024-04-11,1.7,True
1045,153,2023-02-27,2.0,True
1046,187,2023-04-15,1.2,True
1047,80,2023-04-23,5.1,True
1048,216,2024-06-29,2.3,True
1049,4,2023-02-23,3.8,True
1050,104,2024-03-03,,True
1051,218,2023-03-17,,True
1052,61,2024-06-21,5.8,True
1053,118,2024-11-14,4.0,True
1054,98,2023-10-17,7.9,True
1055,87,2023-05-29,6.9,True
1056,169,2023-11-08,3.1,True
1057,115,2024-04-28,4.4,True
1058,158,2024-05-24,10.3,True
1059,115,2024-03-21,6.5,True
1060,220,2024-02-12,1.9,True
1061,104,2024-03-17,7.8,True
1062,176,2023-06-02,2.3,True
1063,135,2023-05-25,13.3,True
1064,177,2024-10-13,10.1,False
1065,195,2024-02-10,6.1,True
1066,50,2024-08-25,5.5,True
1067,67,2024-03-13,4.3,True
1068,67,2023-11-15,8.0,True
1069,108,2024-02-04,3.8,True
1070,109,2024-04-29,5.8,True
1071,1,2023-05-11,9.1,False
1072,197,2023-11-20,3.3,True
1073,190,2024-05-21,3.2,True
1074,133,2023-03-02,2.1,False
1075,68,2023-02-21,2.4,False
1076,182,2023-04-23,1.4,True
1077,60,2024-02-18,8.3,True
1078,68,2023-06-16,17.6,True
1079,220,2023-11-02,13.4,True
1080,204,2023-04-04,1.6,False
1081,129,2023-06-25,8.2,True
1082,38,2023-01-13,13.4,True
1083,28,2024-07-19,3.6,True
1084,213,2023-11-23,5.3,True
1085,59,2023-05-04,1.2,True
1086,150,2024-01-04,6.0,True
1087,78,2024-10-15,2.4,True
1088,110,2024-07-31,5.7,True
1089,217,2024-09-11,1.7,True
1090,131,2023-10-12,7.2,True
1091,95,2023-09-10,10.1,True
1092,92,2023-08-10,2.9,True
1093,51,2023-08-02,2.2,True
1094,123,2024-10-05,1.1,False
1095,126,2023-04-07,4.1,True
1096,21,2024-08-19,3.3,True
1097,90,2024-10-03,1.7,True
1098,142,2024-08-13,6.8,True
1099,13,2024-03-15,3.6,True
1100,215,2024-08-21,2.3,True
1101,190,2023-01-23,3.4,True
1102,141,2024-07-26,10.5,True
1103,4,2023-12-24,7.6,True
1104,114,2024-11-01,4.5,True
1105,198,2023-03-02,7.6,True
1106,5,2024-10-13,2.2,True
1107,175,2024-02-06,5.1,True
1108,185,2023-03-14,5.5,True
1109,17,2023-12-23,3.6,True
1110,51,2023-01-26,6.7,True
1111,160,2023-02-27,2.9,True
1112,201,2024-01-08,7.1,True
1113,170,2024-07-25,7.3,True
1114,116,2023-03-17,0.6,True
1115,133,2023-07-03,11.4,True
1116,116,2023-10-01,,True
1117,128,2024-01-15,3.2,True
1118,170,2023-01-01,10.2,True
1119,11,2024-03-23,4.0,True
1120,47,2023-12-15,1.8,False
1121,14,2024-11-04,2.3,True
1122,176,2023-07-30,117.7,True
1123,161,2023-12-12,1.3,True
1124,12,2023-02-27,10.9,True
1125,24,2024-10-04,4.8,True
1126,59,2024-08-06,2.1,False
1127,54,2023-09-06,3.3,True
1128,115,2023-11-19,2.4,True
1129,110,2024-08-23,9.1,True
1130,79,2023-07-26,8.3,False
1131,37,2023-06-15,1.5,False
1132,143,2023-06-19,3.7,False
1133,174,2024-05-10,2.7,True
1134,141,2023-05-28,12.2,True
1135,178,2023-03-04,1.9,True
1136,202,2023-04-26,15.2,True
1137,186,2024-11-21,4.8,True
1138,144,2024-09-02,2.2,False
1139,11,2024-10-29,3.1,True
1140,74,2023-07-14,2.8,True
1141,95,2023-11-06,2.0,True
1142,157,2023-12-10,5.3,True
1143,187,2024-01-02,2.1,True
1144,141,2023-01-19,1.1,False
1145,80,2024-02-23,3.8,True
1146,174,2023-01-28,1.4,True
1147,154,2023-07-12,2.9,True
1148,176,2023-07-24,2.6,True
1149,130,2024-04-17,2.7,True
1150,143,2024-09-19,20.1,True
1151,77,2024-05-03,5.2,True
1152,88,2023-11-01,5.9,True
1153,61,2024-01-03,1.4,False
1154,57,2023-12-25,,True
1155,144,2023-04-14,5.8,True
1156,85,2024-11-01,2.4,False
1157,30,2024-10-05,9.4,True
1158,8,2023-06-18,2.1,False
1159,190,2023-03-22,4.1,False
1160,96,2023-04-26,3.3,True
1161,127,2024-03-16,5.6,True
1162,200,2023-01-21,3.2,True
1163,25,2023-03-14,4.1,True
1164,207,2024-03-29,4.2,True
1165,155,2023-04-13,,False
1166,141,2023-02-18,7.0,True
1167,95,2023-01-15,5.9,True
1168,156,2024-05-09,4.7,True
1169,45,2023-09-12,3.7,True
1170,67,2023-07-19,8.7,True
1171,212,2024-03-23,4.2,True
1172,61,2023-04-30,4.0,True
1173,159,2024-01-01,5.3,True
1174,205,2023-12-05,16.2,True
1175,131,2024-04-17,1.9,False
1176,66,2024-03-12,8.5,True
1177,187,2024-04-17,1.3,True
1178,182,2023-05-30,5.8,True
1179,120,2023-04-09,14.9,True
1180,26,2024-01-09,7.0,False
1181,98,2023-02-10,5.6,True
1182,95,2023-11-14,3.3,True
1183,42,2024-03-13,5.1,True
1184,89,2024-07-28,4.2,True
1185,34,2024-04-02,2.9,False
1186,153,2024-11-27,4.0,True
1187,96,2024-01-25,5.7,False
1188,161,2023-11-09,2.9,True
1189,101,2023-06-22,2.8,True
1190,158,2024-04-16,1.9,True
1191,162,2024-07-21,6.5,True
1192,36,2023-08-13,7.3,True
1193,98,2023-02-22,5.8,True
1194,165,2023-01-08,9.7,True
1195,131,2024-03-18,5.3,True
1196,49,2024-04-09,6.5,True
1197,184,2023-03-26,6.1,True
1198,44,2023-01-16,4.6,True
1199,219,2024-04-03,3.4,True
1200,156,2023-10-06,108.6,True
1201,71,2023-10-20,3.6,True
1202,43,2023-07-03,3.1,True
1203,199,2024-05-17,6.7,True
1204,116,2024-06-05,5.9,True
1205,178,2023-02-06,1.9,True
1206,183,2023-03-04,10.9,True
1207,15,2024-01-24,4.6,True
1208,151,2024-02-27,117.5,True
1209,74,2023-04-12,11.4,True
1210,200,2023-04-21,7.7,True
1211,49,2024-04-22,2.0,True
1212,8,2023-11-15,17.2,False
1213,147,2023-03-25,7.9,True
1214,122,2024-03-02,4.9,True
1215,123,2023-02-21,15.1,True
1216,58,2023-06-11,5.5,True
1217,109,2024-05-14,4.9,True
1218,213,2023-06-05,3.1,True
1219,168,2023-02-14,7.4,True
1220,217,2024-11-02,6.9,True
1221,74,2023-06-07,5.0,False
1222,192,2023-12-27,2.8,False
1223,85,2024-07-31,5.4,True
1224,206,2024-11-23,4.7,True
1225,191,2024-07-20,1.9,True
1226,37,2023-08-26,1.8,False
1227,214,2024-08-20,7.4,True
1228,134,2023-01-09,0.8,True
1229,171,2023-08-17,5.7,False
1230,128,2023-05-20,3.5,False
1231,48,2024-01-05,12.4,True
1232,217,2024-09-16,3.5,False
1233,25,2024-06-25,7.9,True
1234,178,2024-11-29,,True
1235,47,2023-04-06,,False
1236,173,2024-06-10,8.3,True
1237,94,2024-05-22,3.6,True
1238,53,2023-11-16,10.0,True
1239,53,2023-03-10,73.1,True
1240,71,2023-03-15,6.1,True
1241,199,2024-10-01,9.4,True
1242,170,2023-07-26,7.9,True
1243,148,2024-03-22,18.9,True
1244,139,2024-10-23,2.9,False
1245,92,2023-12-12,1.9,True
1246,199,2023-05-27,2.5,True
1247,61,2023-12-06,7.9,True
1248,208,2023-06-10,7.0,True
1249,84,2023-05-07,5.3,True
1250,76,2024-07-21,2.3,False
1251,105,2023-08-31,8.5,False
1252,165,2024-04-24,2.1,True
1253,158,2024-05-23,11.1,False
1254,169,2024-01-20,36.6,True
1255,20,2024-01-14,6.4,True
1256,36,2023-05-07,7.4,True
1257,187,2024-01-06,3.5,True
1258,216,2024-06-10,1.4,False
1259,29,2023-05-17,3.2,True
1260,199,2023-06-12,2.3,True
1261,58,2024-04-28,1.8,True
1262,216,2024-11-18,16.5,True
1263,219,2023-10-02,6.0,True
1264,141,2024-08-02,6.5,False
1265,42,2023-05-08,4.0,True
1266,174,2024-02-03,4.4,True
1267,23,2024-10-22,9.7,True
1268,74,2023-11-06,4.8,True
1269,141,2023-12-21,7.2,True
1270,15,2023-04-19,4.3,True
1271,87,2024-01-05,3.9,True
1272,176,2024-02-14,1.8,True
1273,21,2024-11-17,1.2,True
1274,81,2023-05-21,4.1,True
1275,1,2023-09-14,5.2,True
1276,145,2024-03-29,2.0,True
1277,18,2024-10-22,-4.8,True
1278,62,2023-06-16,5.1,True
1279,116,2024-05-01,1.1,True
1280,48,2024-09-07,2.6,True
1281,51,2024-03-19,6.6,True
1282,184,2023-10-26,6.5,False
1283,172,2023-06-14,2.2,False
1284,18,2023-07-21,5.5,True
1285,189,2023-02-06,10.1,True
1286,103,2023-04-17,8.5,True
1287,32,2023-11-03,4.6,True
1288,200,2023-04-09,3.6,True
1289,75,2023-01-08,,True
1290,72,2024-04-29,6.9,True
1291,33,2023-02-19,5.7,True
1292,195,2023-04-09,7.7,True
1293,64,2024-02-21,5.4,True
1294,131,2024-10-07,8.8,True
1295,53,2024-05-22,5.3,True
1296,198,2023-01-23,8.6,True
1297,174,2023-04-28,9.1,True
1298,111,2024-06-02,2.8,False
1299,77,2024-05-27,1.4,True
1300,145,2023-10-01,14.6,False
1301,110,2024-10-26,5.9,False
1302,208,2024-09-13,1.5,True
1303,149,2024-06-04,3.0,True
1304,6,2024-06-07,8.5,True
1305,181,2024-07-03,4.1,True
1306,43,2023-04-14,3.5,True
1307,67,2024-05-05,13.2,True
1308,96,2024-10-19,2.4,True
1309,47,2023-06-07,2.8,True
1310,208,2023-01-11,5.7,True
1311,216,2023-09-10,6.5,True
1312,35,2023-07-08,7.0,True
1313,71,2024-10-26,9.4,True
1314,82,2023-11-09,5.7,True
1315,148,2024-04-07,7.0,True
1316,132,2024-11-18,4.1,True
1317,150,2024-07-06,5.2,True
1318,7,2024-06-08,5.3,False
1319,114,2024-11-09,5.8,True
1320,47,2024-04-27,8.5,True
1321,51,2023-06-12,7.3,False
1322,171,2024-05-23,5.1,True
1323,32,2023-08-14,2.8,False
1324,7,2023-08-20,5.2,True
1325,108,2024-03-27,4.9,True
1326,162,2023-08-09,5.7,True
1327,113,2023-01-18,23.2,True
1328,36,2024-11-30,3.4,False
1329,171,2024-02-04,6.7,True
1330,84,2024-04-14,10.5,True
1331,157,2024-07-20,5.3,True
1332,45,2024-03-20,25.4,False
1333,201,2024-03-03,3.8,True
1334,63,2024-07-08,6.2,True
1335,214,2023-07-26,2.8,False
1336,83,2024-08-02,3.9,True
1337,161,2024-05-21,5.9,True
1338,111,2023-05-08,9.0,True
1339,17,2023-04-13,6.2,True
1340,22,2024-09-07,12.0,True
1341,90,2024-09-18,4.6,True
1342,43,2024-11-26,3.9,False
1343,134,2023-03-12,32.9,True
1344,31,2024-09-18,6.5,True
1345,130,2024-08-27,3.0,True
1346,46,2024-06-21,3.0,True
1347,40,2023-12-15,2.6,True
1348,81,2023-12-22,9.5,True
1349,129,2023-10-28,3.8,True
1350,88,2023-01-21,5.4,False
1351,77,2023-12-17,4.7,True
1352,75,2023-06-16,8.3,True
1353,75,2023-05-21,2.7,True
1354,89,2023-02-09,2.3,True
1355,184,2023-11-17,5.8,True
1356,128,2023-02-03,7.5,False
1357,93,2024-08-17,6.3,True
1358,165,2024-09-14,2.8,True
1359,117,2024-07-14,8.0,True
1360,209,2023-07-30,2.9,True
1361,124,2023-04-25,3.4,True
1362,48,2023-12-20,2.6,True
1363,124,2024-04-16,12.3,True
1364,171,2023-01-15,7.7,True
1365,47,2024-08-22,7.6,True
1366,45,2023-11-03,11.9,True
1367,132,2024-07-27,35.5,True
1368,195,2023-02-24,1.5,True
1369,74,2023-10-25,3.0,True
1370,112,2023-11-17,3.2,True
1371,145,2023-02-03,2.7,True
1372,146,2024-05-10,2.3,True
1373,33,2024-10-13,4.0,True
1374,87,2024-01-14,2.1,True
1375,219,2023-10-05,6.3,False
1376,196,2024-03-21,5.1,False
1377,170,2023-09-10,6.9,False
1378,6,2023-09-09,7.1,True
1379,92,2024-06-15,7.6,True
1380,12,2024-02-18,3.8,True
1381,67,2023-07-04,21.9,True
1382,191,2023-10-13,5.8,False
1383,86,2024-08-07,1.3,True
1384,38,2024-01-06,2.5,True
1385,159,2023-02-23,1.5,False
1386,167,2024-08-22,5.0,True
1387,145,2024-06-02,4.5,True
1388,178,2023-07-06,3.6,True
1389,155,2024-11-07,,True
1390,140,2024-10-28,7.3,False
1391,196,2024-11-28,8.2,True
1392,72,2023-09-22,2.6,True
1393,101,2024-10-08,2.5,True
1394,124,2024-07-18,5.1,False
1395,148,2024-09-01,5.6,False
1396,105,2024-01-18,1.4,False
1397,98,2023-07-15,4.4,False
1398,37,2023-06-08,5.0,True
1399,141,2024-11-07,4.3,True
1400,28,2023-12-18,2.8,False
1401,105,2024-10-11,3.4,True
1402,90,2024-01-24,4.4,True
1403,171,2024-01-10,5.3,True
1404,105,2023-02-21,7.6,True
1405,2,2023-10-09,10.6,True
1406,112,2024-01-25,4.0,False
1407,48,2023-03-18,3.6,True
1408,84,2023-04-24,6.7,True
1409,66,2024-02-18,7.6,True
1410,37,2023-06-23,,True
1411,208,2024-05-05,8.6,True
1412,56,2023-11-19,9.8,True
1413,112,2023-10-10,12.2,True
1414,183,2023-03-24,17.2,True
1415,81,2023-10-12,2.7,True
1416,207,2024-01-15,5.0,True
1417,89,2024-02-06,5.0,True
1418,209,2023-07-09,4.6,True
1419,100,2023-01-20,3.1,True
1420,4,2024-10-16,1.8,True
1421,191,2024-11-01,5.3,False
1422,191,2024-09-24,2.9,True
1423,212,2023-07-22,5.3,True
1424,28,2024-02-26,2.8,True
1425,186,2023-04-09,2.3,True
1426,76,2024-09-25,5.8,True
1427,186,2023-01-04,5.5,True
1428,212,2023-11-26,7.4,True
1429,44,2024-08-22,22.9,True
1430,82,2024-05-22,,False
1431,60,2024-08-27,7.0,True
1432,68,2023-12-14,2.3,False
1433,132,2023-03-08,2.0,False
1434,91,2023-01-06,15.0,True
1435,145,2023-04-17,2.6,True
1436,149,2023-02-10,2.4,True
1437,45,2023-11-10,4.8,True
1438,10,2023-02-05,4.6,True
1439,165,2023-05-10,2.6,True
1440,40,2023-10-21,,True
1441,44,2024-05-30,11.7,True
1442,133,2024-04-16,2.8,True
1443,58,2023-02-10,1.9,True
1444,42,2024-09-24,9.6,False
1445,68,2024-01-20,7.0,True
1446,115,2023-09-02,3.2,True
1447,187,2023-09-25,1.6,True
1448,218,2024-08-16,2.9,False
1449,162,2023-11-22,4.8,True
1450,198,2023-06-22,11.2,True
1451,117,2023-10-25,2.4,False
1452,90,2023-02-17,4.7,True
1453,181,2023-04-18,7.9,True
1454,67,2023-08-09,0.9,True
1455,179,2023-06-04,10.2,True
1456,220,2023-09-02,2.2,True
1457,86,2023-02-15,6.2,True
1458,140,2024-03-03,5.9,True
1459,172,2023-03-22,,True
1460,173,2023-06-01,7.3,True
1461,46,2024-11-15,0.9,False
1462,212,2023-01-05,2.9,True
1463,111,2023-07-15,5.5,True
1464,10,2023-12-17,4.3,True
1465,27,2023-08-03,6.9,True
1466,161,2023-08-13,8.6,True
1467,94,2023-03-30,7.6,True
1468,24,2023-10-24,4.3,True
1469,115,2024-06-12,1.4,True
1470,132,2024-02-16,3.6,True
1471,18,2024-10-08,6.6,True
1472,78,2024-05-04,2.3,True
1473,102,2024-07-06,7.7,True
1474,172,2023-10-30,9.4,True
1475,144,2024-03-04,5.4,True
1476,20,2024-02-09,0.6,True
1477,136,2024-07-23,2.0,True
1478,199,2023-12-17,18.5,True
1479,12,2023-10-10,3.4,False
1480,218,2023-02-19,1.2,True
1481,21,2024-08-24,11.8,True
1482,137,2023-11-01,5.0,True
1483,78,2024-07-12,61.1,True
1484,161,2024-04-19,6.0,True
1485,186,2023-01-02,6.8,True
1486,188,2024-03-31,6.4,True
1487,192,2023-12-08,8.1,True
1488,180,2023-06-17,24.4,True
1489,69,2023-07-05,9.8,True
1490,103,2024-03-22,1.6,True
1491,159,2023-03-02,6.8,True
1492,38,2024-02-29,11.0,True
1493,128,2024-08-15,11.5,True
1494,117,2023-03-02,3.7,True
1495,217,2023-01-06,11.2,True
1496,11,2023-02-12,9.5,True
1497,21,2024-05-26,30.0,False
1498,7,2024-08-16,2.9,True
1499,121,2024-11-22,3.5,True
1500,122,2023-01-21,4.0,True
1501,131,2023-12-04,3.5,True
1502,54,2023-02-03,2.7,True
1503,68,2023-09-17,0.7,True
1504,92,2023-08-04,3.7,True
1505,11,2024-02-29,6.4,True
1506,166,2024-09-28,3.5,True
1507,12,2024-07-17,19.2,True
1508,147,2023-02-14,5.0,True
1509,100,2023-06-18,12.2,True
1510,220,2023-07-12,5.9,False
1511,153,2023-06-25,8.8,True
1512,105,2023-09-05,6.0,True
1513,155,2024-03-01,12.9,True
1514,26,2024-06-01,5.2,True
1515,40,2024-10-19,7.0,True
1516,110,2024-05-07,6.4,True
1517,189,2023-07-28,4.0,True
1518,181,2023-05-09,6.6,True
1519,83,2023-09-21,23.7,True
1520,63,2024-07-13,4.1,False
1521,213,2024-11-26,6.6,False
1522,125,2023-10-02,11.9,True
1523,26,2023-05-04,11.0,True
1524,50,2023-01-04,5.0,False
1525,185,2023-02-23,0.9,True
1526,198,2024-03-21,7.1,True
1527,200,2024-02-17,1.0,False
1528,2,2024-03-26,13.9,True
1529,181,2023-01-17,5.6,False
1530,25,2023-11-02,10.0,True
1531,178,2023-05-07,2.6,False
1532,194,2023-08-24,1.7,True
1533,80,2024-03-11,5.9,True
1534,43,2023-07-13,4.8,True
1535,157,2024-04-06,3.5,True
1536,16,2023-07-22,5.3,True
1537,128,2023-12-24,34.4,False
1538,73,2023-11-18,8.9,False
1539,94,2023-09-26,,False
1540,182,2023-03-30,8.9,True
1541,219,2024-02-08,14.0,True
1542,89,2024-11-24,4.3,True
1543,64,2024-03-26,1.2,True
1544,184,2024-06-06,4.3,True
1545,91,2024-07-16,8.7,True
1546,44,2023-01-27,2.5,True
1547,199,2024-07-08,4.4,True
1548,219,2023-06-19,3.1,True
1549,64,2024-04-10,14.2,True
1550,35,2024-11-19,,True
1551,34,2024-09-17,7.8,True
1552,132,2023-10-18,7.7,False
1553,69,2024-08-09,4.8,True
1554,138,2024-03-09,,False
1555,168,2023-04-04,2.2,False
1556,2,2023-06-17,1.1,True
1557,190,2024-10-31,5.5,True
1558,7,2024-10-02,6.2,True
1559,26,2024-09-16,11.5,True
1560,160,2023-09-26,14.9,True
1561,137,2023-08-13,14.9,True
1562,216,2024-07-18,2.5,False
1563,125,2023-01-15,3.9,True
1564,92,2024-09-20,,True
1565,148,2024-02-27,29.1,False
1566,168,2024-03-18,14.0,False
1567,148,2023-11-03,10.8,True
1568,82,2024-11-16,3.8,True
1569,212,2024-06-08,2.7,False
1570,67,2023-02-07,8.6,True
1571,77,2024-01-03,2.3,False
1572,62,2024-08-24,4.2,True
1573,66,2023-02-23,4.6,True
1574,47,2024-05-30,15.1,True
1575,128,2023-06-21,3.9,True
1576,161,2023-12-21,0.9,True
1577,95,2024-09-09,7.1,True
1578,204,2023-12-11,3.0,True
1579,105,2023-01-27,5.1,True
1580,103,2023-01-15,4.7,True
1581,16,2024-05-30,4.1,True
1582,199,2024-10-13,8.6,True
1583,33,2023-07-24,1.7,True
1584,37,2024-10-16,3.4,True
1585,206,2023-11-13,8.0,True
1586,115,2023-02-11,3.2,True
1587,16,2024-01-07,1.6,True
1588,98,2024-11-12,7.9,True
1589,130,2023-06-25,10.9,False
1590,3,2024-11-03,4.8,False
1591,167,2024-04-01,1.3,True
1592,148,2023-10-05,8.1,True
1593,3,2024-04-30,1.5,True
1594,137,2023-10-08,6.1,True
1595,50,2023-03-01,2.7,True
1596,162,2024-09-01,2.2,True
1597,83,2023-09-19,3.6,False
1598,45,2024-02-01,4.4,False
1599,112,2024-06-05,3.2,True
1600,98,2023-02-28,7.5,True
1601,76,2024-05-20,3.6,True
1602,194,2023-09-13,9.8,True
1603,143,2024-01-17,6.0,True
1604,108,2023-11-16,3.0,True
1605,50,2024-06-28,2.7,True
1606,126,2023-05-12,,True
1607,6,2023-03-17,6.1,True
1608,195,2023-10-15,3.9,True
1609,1,2023-03-24,0.9,True
1610,154,2023-06-19,3.4,True
1611,77,2024-04-05,2.6,True
1612,159,2024-07-27,14.9,True
1613,80,2024-04-30,1.5,True
1614,6,2023-08-11,1.8,True
1615,209,2024-07-24,10.8,True
1616,169,2023-10-12,12.8,True
1617,10,2023-05-07,2.9,True
1618,8,2024-06-13,3.2,False
1619,117,2023-12-28,7.6,False
1620,211,2023-09-17,1.0,True
1621,128,2024-04-07,1.3,False
1622,3,2024-05-22,4.1,True
1623,154,2023-06-06,,True
1624,95,2023-03-24,3.7,True
1625,141,2023-12-28,,True
1626,78,2023-02-06,11.0,True
1627,2,2024-03-22,21.6,True
1628,5,2023-11-04,3.3,True
1629,140,2023-05-31,4.9,False
1630,140,2024-02-24,17.7,True
1631,71,2023-09-20,1.7,False
1632,19,2023-09-29,10.2,False
1633,171,2023-06-01,2.4,True
1634,34,2024-04-18,5.3,True
1635,42,2024-09-24,4.2,True
1636,100,2024-03-09,2.5,True
1637,158,2023-06-15,2.5,False
1638,219,2024-08-06,6.0,True
1639,138,2023-03-26,9.9,True
1640,212,2023-07-22,4.5,True
1641,144,2023-01-25,5.2,True
1642,187,2024-08-16,7.4,True
1643,39,2023-02-01,2.5,True
1644,13,2024-01-18,8.3,True
1645,148,2023-05-15,8.8,True
1646,215,2023-05-29,30.6,True
1647,163,2024-03-01,3.8,True
1648,76,2024-07-16,3.6,True
1649,108,2023-01-13,8.5,True
1650,25,2023-04-22,8.8,False
1651,75,2023-07-20,3.4,True
1652,151,2024-10-22,3.7,False
1653,37,2023-02-10,7.2,True
1654,106,2023-05-05,2.8,True
1655,64,2023-10-10,3.7,True
1656,108,2023-08-16,,True
1657,169,2023-02-04,9.9,True
1658,195,2024-01-14,3.2,True
1659,91,2024-03-01,1.4,True
1660,182,2023-05-04,1.3,True
1661,155,2024-04-26,2.1,True
1662,203,2023-02-09,2.0,True
1663,163,2024-05-26,4.4,True
1664,122,2023-07-01,2.2,True
1665,149,2023-06-07,3.0,True
1666,70,2023-05-18,-2.9,True
1667,149,2024-08-30,86.2,False
1668,156,2023-12-18,12.5,True
1669,135,2024-04-28,7.9,True
1670,23,2023-05-23,5.0,True
1671,115,2023-02-09,3.6,True
1672,157,2023-01-27,3.7,True
1673,44,2023-11-05,6.2,False
1674,174,2023-08-17,7.5,True
1675,186,2024-06-21,2.6,True
1676,119,2024-07-05,5.1,False
1677,213,2023-08-06,1.2,True
1678,189,2023-10-31,5.7,True
1679,103,2023-09-25,8.4,True
1680,195,2024-04-17,4.1,True
1681,206,2024-03-16,17.7,True
1682,24,2024-03-31,2.7,True
1683,220,2023-02-08,5.8,True
1684,2,2023-08-25,4.8,False
1685,107,2024-11-07,4.6,True
1686,207,2023-08-28,4.6,True
1687,160,2023-05-03,5.3,True
1688,59,2023-05-20,9.0,True
1689,142,2023-01-19,13.0,True
1690,48,2024-06-30,4.9,True
1691,53,2023-01-04,8.8,True
1692,201,2024-02-22,3.0,True
1693,11,2023-10-07,8.5,True
1694,212,2023-03-08,2.9,True
1695,100,2024-09-10,10.6,True
1696,15,2024-06-03,23.3,True
1697,174,2024-07-27,4.5,True
1698,11,2024-10-17,1.1,True
1699,72,2024-09-30,3.4,True
1700,53,2024-05-05,11.7,True
1701,173,2024-01-09,7.3,True
1702,88,2024-05-02,5.9,False
1703,145,2023-11-11,116.0,True
1704,16,2023-05-07,7.0,True
1705,154,2023-09-28,11.6,True
1706,157,2023-11-23,9.4,True
1707,63,2023-02-02,14.4,True
1708,194,2024-08-16,6.4,False
1709,104,2024-09-28,9.3,True
1710,147,2023-10-21,,False
1711,40,2023-12-14,3.3,True
1712,206,2024-08-11,16.4,True
1713,55,2023-11-15,5.8,False
1714,138,2024-04-26,8.7,True
1715,20,2023-12-27,5.4,True
1716,10,2023-07-09,3.3,True
1717,28,2024-07-09,5.0,False
1718,208,2023-05-15,13.5,False
1719,47,2023-06-07,7.3,True
1720,194,2024-04-28,1.5,True
1721,128,2024-05-11,4.3,True
1722,20,2024-10-30,17.2,True
1723,98,2024-05-12,4.3,True
1724,106,2023-01-18,1.4,True
1725,59,2024-08-17,18.6,True
1726,133,2023-10-17,8.0,True
1727,190,2023-01-07,4.7,True
1728,195,2024-02-10,3.8,False
1729,116,2023-04-30,10.6,True
1730,197,2023-10-19,3.4,True
1731,204,2023-11-26,11.1,True
1732,20,2023-02-21,7.2,True
1733,140,2024-08-18,5.9,True
1734,171,2023-12-24,5.5,True
1735,4,2024-11-06,4.4,True
1736,133,2023-11-22,10.3,True
1737,201,2024-02-21,2.7,True
1738,60,2024-07-22,1.6,True
1739,189,2023-05-29,7.6,True
1740,206,2024-09-28,7.7,False
1741,140,2023-05-10,6.9,True
1742,139,2024-11-28,6.6,True
1743,118,2024-03-23,4.0,True
1744,90,2023-12-30,8.6,True
1745,100,2023-05-28,4.8,True
1746,115,2024-02-03,3.5,True
1747,107,2024-01-23,4.0,True
1748,182,2024-11-19,20.4,False
1749,170,2024-08-07,1.5,True
1750,77,2023-12-05,7.0,True
1751,113,2023-09-30,1.5,True
1752,48,2023-09-28,4.6,True
1753,39,2023-09-22,3.7,True
1754,82,2023-01-10,1.2,True
1755,13,2023-01-26,6.5,True
1756,189,2024-06-09,3.8,False
1757,28,2023-06-27,1.1,True
1758,72,2023-10-15,8.9,True
1759,56,2024-05-03,13.5,True
1760,46,2024-03-01,14.1,True
1761,81,2023-09-10,6.4,True
1762,159,2024-06-10,5.1,True
1763,197,2023-04-21,12.5,True
1764,42,2023-11-27,16.1,True
1765,53,2023-03-16,11.0,True
1766,104,2024-01-08,2.6,True
1767,71,2023-03-08,5.7,True
1768,176,2024-10-21,6.7,True
1769,50,2024-04-06,1.4,True
1770,89,2023-06-21,6.9,True
1771,121,2024-03-04,24.3,True
1772,84,2023-09-02,7.8,False
1773,136,2023-12-29,13.9,True
1774,176,2023-04-28,5.6,True
1775,118,2023-12-17,4.7,True
1776,101,2023-03-16,6.5,False
1777,210,2023-04-18,2.8,False
1778,216,2024-02-13,2.5,True
1779,219,2023-12-17,12.0,True
1780,4,2023-07-25,12.9,True
1781,185,2023-02-11,2.5,False
1782,198,2023-10-24,9.8,False
1783,178,2024-10-10,4.7,True
1784,165,2024-05-10,6.3,True
1785,81,2023-02-10,6.8,False
1786,160,2024-10-18,9.9,True
1787,128,2023-10-24,5.2,True
1788,183,2024-02-08,13.3,True
1789,78,2023-01-01,6.2,True
1790,164,2023-08-06,7.7,True
1791,173,2024-07-04,2.8,True
1792,184,2023-08-20,22.4,True
1793,38,2023-04-27,6.9,True
1794,191,2023-03-05,8.2,True
1795,48,2024-10-09,1.6,True
1796,207,2024-07-23,2.8,True
1797,9,2023-01-31,11.8,True
1798,50,2024-10-09,,True
1799,134,2024-07-28,1.3,True
1800,120,2023-09-09,,True
1801,152,2024-04-04,3.4,True
1802,89,2023-06-30,13.3,True
1803,1,2023-06-24,4.7,True
1804,136,2024-05-15,5.7,True
1805,113,2023-05-22,11.3,True
1806,112,2023-09-06,2.6,False
1807,83,2023-09-08,2.5,True
1808,196,2023-04-16,,True
1809,175,2024-08-02,8.8,True
1810,40,2024-04-16,2.0,True
1811,9,2024-08-26,1.5,True
1812,40,2024-01-02,8.8,True
1813,11,2023-05-03,3.2,True
1814,157,2023-07-15,3.8,False
1815,137,2023-09-05,1.4,False
1816,102,2024-10-21,3.1,True
1817,131,2023-06-16,4.9,True
1818,178,2024-04-30,9.5,True
1819,183,2023-03-27,2.9,True
1820,96,2024-10-31,15.8,False
1821,131,2024-03-28,3.1,True
1822,127,2023-10-29,3.1,True
1823,209,2023-08-31,14.5,True
1824,168,2023-09-06,68.3,True
1825,70,2023-06-07,3.4,True
1826,196,2024-02-24,4.4,True
1827,88,2024-08-29,12.8,True
1828,167,2023-06-18,13.8,True
1829,216,2024-06-07,2.8,True
1830,178,2024-02-01,4.8,True
1831,24,2024-06-25,5.3,True
1832,46,2024-06-22,2.5,True
1833,176,2023-01-28,4.8,True
1834,28,2023-01-15,5.0,True
1835,3,2024-10-02,11.0,True
1836,57,2023-04-19,11.5,True
1837,108,2024-02-07,3.9,True
1838,29,2024-06-11,4.3,False
1839,34,2023-12-19,7.9,True
1840,75,2023-01-05,3.3,False
1841,132,2023-01-08,,True
1842,120,2024-04-13,4.7,True
1843,176,2024-09-20,2.5,True
1844,216,2023-08-29,2.5,True
1845,8,2024-01-16,13.6,False
1846,152,2024-10-15,4.4,True
1847,37,2024-07-31,15.6,True
1848,80,2024-01-14,,True
1849,76,2024-04-03,6.1,True
1850,155,2024-11-03,26.4,True
1851,57,2024-07-11,2.4,False
1852,197,2023-10-19,1.3,True
1853,85,2024-04-30,12.2,True
1854,180,2023-08-19,2.8,True
1855,210,2024-10-06,4.9,True
1856,113,2023-03-07,3.3,True
1857,23,2023-06-07,6.0,False
1858,155,2023-08-31,2.5,True
1859,94,2023-05-22,4.4,True
1860,75,2024-02-21,6.8,False
1861,101,2024-05-13,2.4,True
1862,66,2024-09-15,3.0,False
1863,62,2023-12-17,3.9,True
1864,218,2024-03-10,1.8,True
1865,62,2024-02-24,3.7,True
1866,101,2023-01-03,5.4,True
1867,158,2024-05-10,3.7,True
1868,49,2023-01-17,4.1,True
1869,136,2024-01-19,4.9,True
1870,198,2024-11-30,3.1,True
1871,179,2024-07-05,8.0,True
1872,7,2023-12-21,13.5,True
1873,90,2023-08-12,3.6,True
1874,1,2024-08-09,7.0,True
1875,134,2024-08-24,4.2,True
1876,72,2023-09-15,6.4,True
1877,197,2023-03-17,14.8,True
1878,39,2024-02-12,7.1,True
1879,188,2024-03-19,1.4,True
1880,76,2024-10-15,6.8,True
1881,203,2024-09-15,11.7,True
1882,44,2023-06-10,4.2,False
1883,60,2023-06-26,9.9,True
1884,78,2024-11-28,3.1,True
1885,217,2023-08-17,,True
1886,162,2023-11-17,5.5,True
1887,180,2023-08-02,1.4,True
1888,122,2023-10-03,4.2,True
1889,175,2024-01-30,12.2,True
1890,138,2023-07-24,1.3,True
1891,147,2023-10-17,2.0,True
1892,185,2023-09-04,2.4,True
1893,217,2023-03-17,4.7,True
1894,127,2024-07-04,3.8,True
1895,98,2024-09-15,13.2,True
1896,144,2023-12-11,9.7,True
1897,164,2023-05-24,7.0,True
1898,217,2024-03-26,5.5,True
1899,154,2024-01-09,6.5,False
1900,211,2024-01-21,2.7,False
1901,162,2024-02-21,9.0,True
1902,210,2024-05-17,2.3,True
1903,166,2023-01-29,8.9,True
1904,195,2023-03-11,11.4,False
1905,42,2023-03-08,,True
1906,219,2023-04-19,4.4,True
1907,77,2024-11-11,,True
1908,176,2024-05-26,0.7,True
1909,87,2024-04-10,,True
1910,101,2024-05-04,4.6,True
1911,165,2023-01-24,4.8,True
1912,119,2023-05-30,8.1,True
1913,158,2024-07-09,4.7,True
1914,18,2023-11-20,2.2,True
1915,184,2023-12-22,4.5,True
1916,90,2024-06-09,5.2,False
1917,174,2023-02-22,5.4,True
1918,63,2024-07-13,5.5,False
1919,132,2024-04-21,10.3,True
1920,130,2023-10-10,2.3,True
1921,31,2023-12-16,5.6,True
1922,105,2023-02-21,12.2,True
1923,140,2023-05-24,1.5,False
1924,184,2023-06-22,5.6,True
1925,196,2024-09-06,3.3,True
1926,85,2023-03-20,3.8,True
1927,142,2023-07-23,2.6,True
1928,39,2023-04-03,4.4,True
1929,198,2023-07-19,18.0,True
1930,191,2023-01-08,2.0,True
1931,220,2023-07-10,2.2,True
1932,107,2024-05-21,2.0,True
1933,80,2024-06-21,16.6,True
1934,167,2023-09-23,3.6,True
1935,160,2024-05-09,4.9,True
1936,47,2024-03-09,3.7,True
1937,119,2024-09-24,2.6,True
1938,142,2024-07-17,4.2,True
1939,101,2023-06-10,27.7,True
1940,82,2024-02-17,13.1,True
1941,53,2024-07-04,2.7,True
1942,91,2023-08-02,7.8,True
1943,55,2024-02-06,2.8,True
1944,67,2023-10-08,1.4,True
1945,41,2023-08-05,10.1,True
1946,83,2023-05-20,11.2,True
1947,139,2023-01-25,10.3,True
1948,84,2024-06-08,3.6,True
1949,32,2024-07-27,4.4,True
1950,177,2024-04-01,8.4,True
1951,95,2023-06-18,6.5,True
1952,129,2023-01-14,3.8,True
1953,116,2024-03-18,1.6,True
1954,112,2023-05-20,5.4,True
1955,97,2024-01-20,10.5,True
1956,167,2024-11-10,2.1,True
1957,189,2023-01-04,7.7,True
1958,199,2024-02-09,6.2,True
1959,98,2024-11-27,8.4,True
1960,76,2023-08-23,9.1,True
1961,19,2024-07-24,3.0,True
1962,98,2024-08-02,1.6,False
1963,219,2023-12-07,3.4,True
1964,58,2023-08-03,9.2,True
1965,186,2024-04-21,3.4,True
1966,167,2024-03-09,3.0,True
1967,146,2023-11-30,1.4,True
1968,125,2023-05-15,16.9,True
1969,167,2024-06-05,8.8,False
1970,22,2023-05-28,8.5,True
1971,29,2023-04-05,9.8,True
1972,44,2023-02-17,7.4,True
1973,169,2023-11-09,4.2,True
1974,96,2023-03-26,4.4,True
1975,46,2023-08-23,3.7,True
1976,10,2023-06-19,31.3,True
1977,108,2023-11-18,7.3,True
1978,88,2024-06-28,3.6,True
1979,40,2023-11-12,6.9,True
1980,6,2024-01-25,2.4,True
1981,166,2023-04-11,14.2,True
1982,172,2023-03-21,3.1,True
1983,55,2024-11-14,7.0,True
1984,109,2024-03-09,,True
1985,56,2023-01-11,6.5,True
1986,90,2024-01-31,5.3,False
1987,25,2023-01-08,5.0,True
1988,209,2023-02-24,4.8,True
1989,159,2023-09-19,3.3,True
1990,199,2024-04-04,3.6,True
1991,66,2024-03-10,14.0,False
1992,193,2024-07-07,,True
1993,115,2023-05-06,2.9,True
1994,44,2023-05-15,3.5,True
1995,74,2024-01-09,10.7,True
1996,179,2024-08-31,7.9,True
1997,171,2024-05-20,7.3,False
1998,159,2024-04-13,4.1,True
1999,50,2023-03-07,7.4,True
2000,143,2024-09-06,3.2,True
2001,207,2024-11-20,4.1,True
2002,11,2024-02-12,9.8,True
2003,71,2023-08-24,9.1,True
2004,18,2024-04-08,2.5,True
2005,23,2024-03-25,2.7,True
2006,220,2024-10-12,5.3,False
2007,53,2023-03-19,16.6,True
2008,40,2023-12-27,1.3,True
2009,17,2024-05-11,6.0,True
2010,216,2023-09-02,1.9,False
2011,104,2024-08-11,3.2,True
2012,175,2023-02-15,3.8,False
2013,56,2023-03-15,3.7,True
2014,141,2024-07-07,3.4,False
2015,195,2023-03-30,5.0,True
2016,148,2023-10-20,3.4,True
2017,114,2023-07-16,1.8,True
2018,47,2024-04-26,8.5,False
2019,52,2023-01-09,8.4,True
2020,132,2023-09-07,8.9,True
2021,100,2024-11-21,1.7,True
2022,11,2023-09-16,6.1,True
2023,44,2024-02-23,8.0,False
2024,96,2024-11-22,2.4,True
2025,40,2024-03-01,5.0,True
2026,122,2024-06-12,4.6,True
2027,67,2024-11-02,18.0,False
2028,65,2024-03-08,19.1,True
2029,24,2024-08-05,1.5,True
2030,111,2023-12-22,28.4,True
2031,42,2024-07-23,2.6,True
2032,139,2024-03-25,9.8,True
2033,207,2023-08-26,9.8,True
2034,201,2024-01-26,2.5,True
2035,147,2023-08-23,7.0,False
2036,178,2023-10-05,4.6,True
2037,203,2023-07-24,7.3,True
2038,150,2023-12-10,5.8,True
2039,57,2023-08-31,,True
2040,111,2024-03-14,5.2,True
2041,189,2023-09-16,4.4,True
2042,147,2023-12-10,10.7,True
2043,80,2023-04-09,7.4,False
2044,38,2023-09-28,8.3,True
2045,32,2023-09-07,3.1,False
2046,83,2024-11-03,2.4,True
2047,178,2023-11-09,3.3,True
2048,122,2023-01-16,3.2,False
2049,14,2023-08-05,8.6,False
2050,203,2024-05-25,9.8,True
2051,90,2023-04-26,4.4,True
2052,86,2023-04-25,13.5,True
2053,181,2023-09-19,12.9,True
2054,83,2023-09-07,5.9,True
2055,136,2023-12-03,2.8,True
2056,203,2023-01-24,14.9,True
2057,114,2024-05-19,4.7,True
2058,136,2023-05-30,5.4,False
2059,78,2024-05-12,3.9,True
2060,196,2024-01-31,2.7,True
2061,17,2023-05-22,1.8,True
2062,61,2023-11-25,7.7,True
2063,219,2023-01-26,2.9,True
2064,107,2024-05-06,40.0,False
2065,39,2023-08-01,2.3,True
2066,92,2023-09-26,,True
2067,57,2023-04-20,7.1,True
2068,116,2023-09-13,14.4,True
2069,52,2023-10-05,67.0,True
2070,88,2023-06-07,,True
2071,200,2024-11-16,1.4,True
2072,19,2023-07-15,3.1,True
2073,169,2023-05-07,2.3,False
2074,18,2024-01-19,1.3,True
2075,101,2023-08-12,5.4,True
2076,148,2023-11-14,1.0,True
2077,211,2024-05-22,2.0,False
2078,56,2023-02-24,3.4,True
2079,12,2023-12-23,2.8,True
2080,166,2023-01-16,6.5,True
2081,197,2023-01-31,6.1,True
2082,125,2023-03-06,9.3,False
2083,14,2023-04-24,8.4,False
2084,111,2023-09-02,,True
2085,87,2024-10-16,4.9,True
2086,100,2024-09-26,6.1,False
2087,12,2023-03-14,7.1,True
2088,70,2024-11-24,5.5,True
2089,220,2024-03-20,64.1,False
2090,11,2024-01-23,3.9,True
2091,202,2024-07-08,2.8,True
2092,114,2023-12-06,6.7,True
2093,129,2023-07-05,105.9,True
2094,206,2024-01-06,3.1,True
2095,48,2024-05-22,3.1,True
2096,217,2024-04-22,2.1,True
2097,61,2023-04-29,9.8,True
2098,77,2024-10-18,5.2,True
2099,99,2023-07-19,2.7,False
2100,133,2024-07-27,8.7,True
2101,72,2023-08-07,3.3,True
2102,175,2023-02-14,1.9,True
2103,5,2024-11-28,10.1,True
2104,147,2024-02-17,3.4,True
2105,145,2023-05-31,3.7,True
2106,118,2023-01-01,5.1,True
2107,135,2023-04-01,11.0,True
2108,165,2023-04-29,5.0,True
2109,199,2024-10-09,2.1,True
2110,49,2023-05-04,7.2,True
2111,105,2023-04-24,107.2,True
2112,124,2024-08-09,18.6,True
2113,76,2024-09-07,4.9,True
2114,215,2023-05-27,1.0,True
2115,113,2024-03-31,6.4,True
2116,131,2024-01-10,19.3,True
2117,43,2024-02-08,14.9,True
2118,92,2023-08-06,17.8,True
2119,138,2024-06-09,2.4,True
2120,95,2024-09-08,9.4,True
2121,170,2024-05-23,3.0,True
2122,31,2024-09-24,5.8,True
2123,34,2023-03-19,2.0,False
2124,75,2024-04-04,3.2,True
2125,71,2024-11-30,3.1,True
2126,180,2024-01-10,9.3,True
2127,191,2024-10-21,8.7,True
2128,104,2023-09-01,6.0,True
2129,112,2024-09-19,1.9,True
2130,65,2024-10-19,4.0,True
2131,118,2024-03-11,2.9,True
2132,156,2024-05-08,9.1,True
2133,159,2024-01-01,11.3,True
2134,214,2023-08-10,10.4,True
2135,128,2024-01-11,2.9,True
2136,75,2024-11-04,0.7,True
2137,16,2023-01-11,1.4,True
2138,152,2023-05-24,-13.4,True
2139,177,2023-12-16,3.7,True
2140,122,2023-08-26,2.9,False
2141,204,2024-03-12,15.6,False
2142,70,2023-09-10,12.0,True
2143,12,2024-04-06,5.0,True
2144,140,2023-03-16,4.0,True
2145,27,2023-08-21,4.5,False
2146,19,2024-04-29,5.8,True
2147,155,2023-11-26,15.2,True
2148,96,2024-05-14,,True
2149,133,2024-03-21,8.2,True
2150,165,2023-08-18,11.2,True
2151,85,2023-10-27,2.2,True
2152,135,2024-11-06,8.4,True
2153,119,2024-11-04,4.0,True
2154,128,2023-01-25,0.9,True
2155,155,2024-05-08,1.1,True
2156,84,2023-12-10,2.4,True
2157,111,2023-01-01,7.2,True
2158,131,2024-03-19,5.4,True
2159,31,2023-01-17,5.6,True
2160,47,2023-08-12,19.4,True
2161,20,2024-04-28,2.0,True
2162,44,2024-07-22,4.9,True
2163,97,2023-10-16,6.1,True
2164,207,2024-07-20,3.0,True
2165,204,2024-08-10,5.1,True
2166,168,2023-11-10,1.6,True
2167,123,2023-05-02,13.3,True
2168,45,2024-04-06,3.1,True
2169,79,2023-01-10,20.5,False
2170,169,2024-09-17,4.8,True
2171,200,2023-09-29,10.2,True
2172,212,2024-06-16,4.8,True
2173,86,2024-05-30,4.8,True
2174,108,2023-11-28,3.3,False
2175,113,2024-11-11,5.4,False
2176,13,2024-07-11,6.2,True
2177,26,2024-09-10,2.9,False
2178,10,2023-03-07,4.5,True
2179,163,2023-12-05,3.2,False
2180,50,2024-10-28,24.8,True
2181,155,2024-07-22,4.7,True
2182,83,2023-11-14,14.6,True
2183,175,2023-02-19,4.3,True
2184,26,2023-07-17,5.9,True
2185,72,2024-02-05,2.0,True
2186,46,2024-03-25,3.6,True
2187,96,2024-10-09,5.7,True
2188,124,2023-03-07,15.0,True
2189,38,2023-10-05,5.8,True
2190,147,2023-07-10,13.0,True
2191,213,2024-11-03,7.8,True
2192,10,2023-04-27,15.5,True
2193,19,2023-06-04,4.8,True
2194,210,2023-07-28,26.4,True
2195,143,2023-03-15,3.5,True
2196,203,2024-03-26,2.9,True
2197,156,2024-01-03,2.1,True
2198,158,2024-01-26,,True
2199,35,2024-09-27,8.8,True
2200,113,2023-10-31,3.9,True
2201,81,2023-08-06,11.9,True
2202,184,2023-09-20,101.7,True
2203,10,2024-07-14,19.6,False
2204,4,2024-01-05,,True
2205,123,2023-04-29,4.1,True
2206,214,2024-04-27,3.6,True
2207,219,2024-06-05,1.2,True
2208,131,2023-06-24,10.4,True
2209,95,2024-01-25,4.1,True
2210,61,2024-01-30,8.3,True
2211,218,2023-05-03,25.8,True
2212,41,2023-01-07,3.9,False
2213,28,2024-05-17,3.7,True
2214,112,2024-03-06,5.4,True
2215,87,2024-05-14,9.9,True
2216,110,2023-09-22,3.3,True
2217,199,2023-12-27,3.2,True
2218,60,2024-11-18,10.4,True
2219,193,2023-06-07,6.5,True
2220,47,2024-04-01,1.2,True
2221,72,2023-04-03,2.1,True
2222,1,2023-02-15,,True
2223,150,2024-11-01,6.6,True
2224,189,2023-04-01,2.9,False
2225,195,2024-04-04,4.4,True
2226,37,2023-12-26,5.0,True
2227,169,2024-07-20,8.3,True
2228,32,2024-01-18,1.9,True
2229,139,2024-05-02,2.7,True
2230,155,2024-09-17,6.0,True
2231,34,2024-08-03,4.6,True
2232,25,2024-05-20,7.4,True
2233,17,2023-04-24,2.1,True
2234,156,2023-04-29,6.4,True
2235,136,2023-12-14,10.6,False
2236,27,2024-04-06,7.0,True
2237,111,2024-04-11,5.5,True
2238,176,2024-07-04,4.6,True
2239,53,2023-03-14,2.8,True
2240,134,2023-05-02,4.7,True
2241,65,2023-04-15,12.0,True
2242,58,2024-01-14,4.6,True
2243,87,2024-03-19,2.7,True
2244,78,2023-03-22,3.5,True
2245,110,2024-08-31,5.7,True
2246,46,2023-08-01,3.8,True
2247,86,2024-04-07,7.0,True
2248,137,2024-06-10,7.1,True
2249,86,2023-01-26,9.2,True
2250,145,2024-08-28,,True
2251,26,2024-11-10,9.9,True
2252,31,2024-11-02,2.6,True
2253,191,2023-04-08,2.6,True
2254,102,2023-10-02,4.7,True
2255,135,2023-06-12,3.6,True
2256,163,2023-11-12,63.2,True
2257,33,2024-11-13,3.6,True
2258,214,2024-06-18,3.6,True
2259,94,2024-06-23,3.1,False
2260,196,2023-10-23,4.0,True
2261,92,2024-10-17,11.3,True
2262,90,2024-10-06,5.7,True
2263,133,2024-07-18,27.9,False
2264,42,2024-07-24,5.6,True
2265,134,2024-04-01,4.0,True
2266,217,2023-03-08,5.0,True
2267,142,2023-07-19,5.9,True
2268,16,2024-06-22,6.7,True
2269,154,2023-08-17,21.2,True
2270,8,2023-05-01,2.7,True
2271,23,2024-10-25,9.0,False
2272,63,2023-12-08,5.7,False
2273,68,2024-08-25,1.6,False
2274,1,2023-07-18,8.5,True
2275,4,2023-09-09,12.0,True
2276,174,2023-08-29,2.7,True
2277,101,2023-09-19,4.9,True
2278,44,2023-11-03,1.5,True
2279,95,2023-07-28,2.1,True
2280,153,2024-07-23,10.3,False
2281,162,2023-08-17,3.6,True
2282,64,2023-11-06,2.3,True
2283,37,2024-08-25,103.4,True
2284,212,2023-11-03,3.4,True
2285,139,2023-01-08,3.6,True
2286,217,2023-01-01,8.3,True
2287,68,2023-11-02,2.2,True
2288,25,2024-03-29,2.6,True
2289,85,2024-10-21,5.5,False
2290,73,2023-04-02,9.8,True
2291,159,2024-01-15,11.8,True
2292,158,2023-07-22,3.1,True
2293,16,2023-11-12,9.5,True
2294,130,2023-11-06,2.9,True
2295,76,2023-08-07,17.8,True
2296,136,2023-01-13,2.2,True
2297,87,2023-02-21,12.6,True
2298,119,2024-01-01,3.1,True
2299,158,2023-06-07,20.3,True
2300,65,2023-08-17,7.5,True
2301,44,2023-03-05,2.4,True
2302,156,2023-02-04,3.4,True
2303,209,2023-03-30,,False
2304,98,2023-09-22,,True
2305,220,2023-04-25,4.7,True
2306,41,2023-06-12,5.1,False
2307,181,2023-07-31,8.4,False
2308,218,2023-07-23,5.4,True
2309,66,2023-01-08,2.0,True
2310,33,2023-03-24,2.8,False
2311,147,2024-10-27,5.8,True
2312,192,2024-04-12,11.6,True
2313,19,2023-03-28,15.4,True
2314,141,2023-07-18,8.5,False
2315,192,2023-09-26,6.1,True
2316,8,2024-09-25,8.4,True
2317,114,2024-09-07,3.1,True
2318,17,2024-06-23,4.4,True
2319,39,2023-03-16,,True
2320,107,2023-12-10,2.1,True
2321,73,2023-12-05,6.3,True
2322,19,2024-03-22,5.6,False
2323,177,2024-08-14,8.0,True
2324,45,2023-08-13,7.3,True
2325,192,2024-01-25,5.9,True
2326,39,2023-07-04,7.3,True
2327,115,2023-05-28,4.8,False
2328,160,2023-08-08,6.6,True
2329,106,2024-05-29,3.0,True
2330,92,2023-11-03,6.4,True
2331,166,2024-04-21,7.9,True
2332,3,2024-04-28,3.1,True
2333,182,2023-09-11,5.1,True
2334,152,2024-10-30,3.2,True
2335,169,2023-02-02,3.4,True
2336,93,2024-09-19,2.3,True
2337,85,2023-01-06,12.0,True
2338,126,2023-09-25,10.4,True
2339,142,2024-07-31,7.2,False
2340,204,2024-04-23,19.7,True
2341,189,2023-08-14,4.3,True
2342,12,2024-09-11,40.0,True
2343,34,2023-04-07,4.2,True
2344,209,2024-04-14,5.9,True
2345,86,2023-12-29,3.7,True
2346,128,2023-05-26,6.4,True
2347,13,2024-10-06,8.9,True
2348,24,2024-06-19,4.6,True
2349,90,2023-01-06,,True
2350,158,2023-03-02,5.9,True
2351,170,2023-02-09,,True
2352,197,2023-10-18,2.6,False
2353,44,2023-10-19,6.6,True
2354,45,2024-05-21,4.5,True
2355,120,2024-04-18,3.2,True
2356,121,2023-01-11,2.9,True
2357,9,2023-11-30,32.1,True
2358,99,2024-07-03,4.1,True
2359,198,2024-09-20,1.8,True
2360,37,2023-07-24,3.0,True
2361,181,2023-01-31,4.8,True
2362,99,2023-04-18,7.3,True
2363,116,2023-08-27,7.3,True
2364,142,2023-11-07,8.0,True
2365,156,2023-09-03,3.2,True
2366,141,2023-03-05,6.3,False
2367,23,2023-08-27,2.7,True
2368,65,2023-07-22,3.2,True
2369,186,2023-12-08,2.6,False
2370,9,2023-02-25,2.2,True
2371,158,2024-07-07,10.4,True
2372,115,2023-10-19,8.0,True
2373,27,2023-08-11,9.8,False
2374,28,2024-09-26,5.1,True
2375,216,2024-06-05,8.5,True
2376,7,2023-04-06,1.4,True
2377,5,2023-04-13,9.1,True
2378,4,2023-01-02,5.6,True
2379,139,2024-01-28,7.7,True
2380,204,2023-09-06,6.5,False
2381,38,2023-09-20,2.5,True
2382,176,2023-12-23,1.7,True
2383,159,2024-01-13,3.0,True
2384,51,2023-01-01,7.4,True
2385,16,2023-03-17,8.0,True
2386,108,2024-07-06,1.9,True
2387,18,2024-10-29,2.5,True
2388,25,2024-08-09,3.0,True
2389,103,2024-09-26,3.9,True
2390,180,2023-11-21,1.9,True
2391,219,2024-08-01,1.8,False
2392,139,2024-09-09,2.8,True
2393,61,2024-09-16,5.3,False
2394,73,2023-04-15,2.2,True
2395,135,2023-04-13,4.6,True
2396,39,2023-10-09,10.4,True
2397,115,2023-12-19,2.0,True
2398,170,2024-11-01,4.3,False
2399,186,2023-08-11,10.1,True
2400,14,2024-08-05,3.7,False
2401,64,2024-09-13,3.3,True
2402,57,2024-11-06,11.2,True
2403,123,2023-05-13,4.0,True
2404,41,2023-06-19,10.7,False
2405,210,2023-06-03,6.7,True
2406,202,2024-05-29,3.9,True
2407,74,2024-04-25,6.9,False
2408,90,2023-10-12,6.2,True
2409,97,2023-03-04,10.1,True
2410,10,2023-12-31,3.4,False
2411,196,2024-05-27,5.1,True
2412,172,2023-11-29,4.7,True
2413,74,2023-07-07,8.1,True
2414,121,2024-02-19,2.4,True
2415,84,2024-04-07,10.1,True
2416,51,2024-02-18,6.9,True
2417,67,2024-09-03,2.0,True
2418,24,2023-08-08,11.5,True
2419,179,2024-03-02,23.7,True
2420,145,2024-08-21,10.0,False
2421,205,2023-05-29,13.4,True
2422,2,2023-07-17,5.3,True
2423,139,2023-02-04,1.5,False
2424,124,2023-09-20,1.4,True
2425,138,2023-02-01,5.9,True
2426,218,2024-06-06,3.3,False
2427,86,2023-03-04,2.6,True
2428,32,2024-04-29,4.7,True
2429,3,2024-02-10,7.6,True
2430,109,2024-11-22,1.8,True
2431,39,2023-09-01,3.6,True
2432,32,2023-08-30,14.3,True
2433,33,2023-06-20,2.3,False
2434,61,2024-01-12,9.1,True
2435,26,2023-06-03,3.5,True
2436,107,2023-03-21,7.3,True
2437,144,2024-10-26,10.7,True
2438,64,2024-04-20,8.3,False
2439,30,2023-03-25,9.4,True
2440,126,2024-03-08,2.2,True
2441,19,2023-08-02,10.8,True
2442,163,2023-05-07,2.7,True
2443,85,2023-11-27,5.9,True
2444,91,2024-07-05,5.9,True
2445,55,2023-01-01,,True
2446,63,2023-09-06,6.3,True
2447,33,2024-10-06,,True
2448,123,2023-10-04,1.9,True
2449,33,2023-03-11,9.1,True
2450,150,2023-10-28,5.6,True
2451,57,2024-04-22,11.1,True
2452,125,2024-11-28,4.8,True
2453,119,2024-03-16,1.9,True
2454,140,2023-02-05,9.7,False
2455,167,2024-07-20,3.8,True
2456,124,2024-06-30,6.3,True
2457,188,2024-03-31,3.1,True
2458,57,2024-09-19,15.7,True
2459,166,2024-06-22,2.7,True
2460,76,2023-06-12,3.9,False
2461,139,2023-10-22,5.3,True
2462,109,2023-12-22,2.3,True
2463,200,2023-12-09,6.2,True
2464,60,2024-03-23,15.3,True
2465,115,2024-05-06,3.5,True
2466,37,2023-03-14,6.5,False
2467,140,2024-02-02,0.7,True
2468,9,2023-01-28,4.8,True
2469,91,2023-12-25,4.0,False
2470,3,2023-10-23,,True
2471,73,2023-05-24,10.6,True
2472,107,2024-11-24,3.9,False
2473,73,2023-06-30,4.4,True
2474,85,2023-02-09,3.8,True
2475,33,2023-09-08,1.3,True
2476,158,2024-06-14,2.2,False
2477,176,2023-01-07,9.7,True
2478,101,2023-12-12,1.1,True
2479,13,2023-10-20,2.9,True
2480,14,2024-08-29,3.7,False
2481,149,2023-01-02,16.8,True
2482,205,2023-01-13,8.5,True
2483,191,2024-01-31,3.4,False
2484,90,2023-05-06,12.3,True
2485,110,2024-05-07,2.9,True
2486,36,2023-07-14,10.0,True
2487,16,2024-01-29,1.9,True
2488,169,2023-01-27,10.5,True
2489,95,2024-04-30,3.7,True
2490,110,2023-12-29,2.4,True
2491,76,2023-01-01,4.3,True
2492,69,2023-07-06,6.0,True
2493,217,2023-02-11,3.5,True
2494,180,2023-02-01,7.3,False
2495,153,2024-05-03,3.3,True
2496,86,2023-10-27,7.6,True
2497,159,2024-07-16,6.8,True
2498,75,2023-06-30,4.7,True
2499,114,2024-05-17,,True
2500,32,2024-03-06,5.5,True
2501,157,2024-04-09,7.3,False
2502,14,2024-08-02,21.0,True
2503,159,2024-05-10,9.6,True
2504,133,2024-06-05,9.8,True
2505,15,2024-06-01,40.0,True
2506,112,2023-11-09,7.1,True
2507,49,2024-05-22,7.0,True
2508,105,2024-08-12,8.1,True
2509,3,2024-05-31,2.4,True
2510,159,2024-03-01,3.6,True
2511,113,2023-02-21,3.5,True
2512,80,2023-11-02,7.8,True
2513,193,2023-02-14,4.4,True
2514,142,2023-03-14,5.5,True
2515,135,2023-09-10,86.9,True
2516,33,2023-11-21,,True
2517,111,2024-01-05,4.4,False
2518,155,2024-09-22,3.1,True
2519,204,2024-06-17,11.0,True
2520,133,2023-10-24,8.5,False
2521,38,2023-08-23,1.6,True
2522,150,2024-05-13,4.0,True
2523,17,2023-07-12,5.6,True
2524,69,2024-09-10,8.5,True
2525,202,2024-07-01,9.4,True
2526,177,2024-04-22,6.0,True
2527,199,2023-06-24,7.5,True
2528,78,2024-03-11,5.2,True
2529,151,2024-07-28,3.1,False
2530,155,2023-02-20,4.1,True
2531,55,2023-05-04,5.0,False
2532,208,2023-12-27,4.8,True
2533,214,2023-09-09,1.3,True
2534,25,2024-05-11,3.8,False
2535,169,2023-10-08,5.2,True
2536,99,2024-11-28,4.1,True
2537,149,2023-07-29,4.2,True
2538,122,2023-09-10,7.0,True
2539,50,2023-01-03,2.3,True
2540,22,2023-06-23,1.6,False
2541,113,2023-06-14,3.9,True
2542,185,2024-06-17,8.5,True
2543,181,2023-08-25,16.1,True
2544,61,2023-05-23,8.6,True
2545,190,2023-08-08,1.8,True
2546,79,2024-01-29,69.5,True
2547,124,2024-07-03,5.9,True
2548,72,2024-11-16,5.6,True
2549,116,2023-02-03,7.2,True
2550,117,2024-08-11,2.6,True
2551,154,2023-09-30,5.2,True
2552,104,2024-07-19,6.6,True
2553,117,2023-01-27,8.8,True
2554,144,2024-03-14,2.8,True
2555,92,2024-10-13,3.9,True
2556,116,2023-01-28,0.7,True
2557,19,2024-07-07,3.2,True
2558,192,2023-03-22,3.4,False
2559,28,2024-11-18,2.4,False
2560,193,2024-06-05,5.6,True
2561,168,2024-09-29,4.8,False
2562,209,2024-09-20,1.0,True
2563,6,2023-08-10,5.8,True
2564,48,2023-10-19,2.6,True
2565,12,2024-04-29,7.0,True
2566,92,2023-05-03,,True
2567,200,2023-08-03,5.1,False
2568,169,2023-03-11,4.1,True
2569,155,2024-09-13,6.1,True
2570,187,2023-06-23,5.4,True
2571,1,2023-10-15,4.1,True
2572,174,2023-11-13,1.7,True
2573,69,2023-09-21,1.8,True
2574,153,2024-06-28,3.3,True
2575,168,2024-10-01,4.9,True
2576,151,2024-02-06,3.2,True
2577,92,2024-08-08,7.7,True
2578,135,2023-03-19,4.1,True
2579,104,2024-11-07,2.5,True
2580,139,2023-03-23,4.1,True
2581,101,2023-02-16,5.8,True
2582,87,2023-01-16,6.2,True
2583,45,2023-06-20,18.4,True
2584,86,2024-08-09,,False
2585,159,2023-07-30,4.7,True
2586,192,2024-07-07,6.7,True
2587,23,2023-10-25,4.9,False
2588,41,2023-03-14,3.5,True
2589,112,2023-11-28,1.7,False
2590,155,2023-06-12,3.5,True
2591,38,2023-07-24,2.3,False
2592,72,2023-12-29,1.5,True
2593,11,2024-07-07,2.8,True
2594,12,2024-02-15,2.4,True
2595,32,2023-06-06,7.5,True
2596,161,2024-05-17,7.5,True
2597,192,2024-05-02,2.6,True
2598,110,2023-06-15,4.1,True
2599,39,2024-08-19,1.3,False
2600,203,2024-08-13,3.5,True
2601,62,2024-02-27,6.5,True
2602,35,2023-07-27,8.8,True
2603,31,2023-09-05,3.0,True
2604,78,2023-11-04,10.3,False
2605,162,2023-05-12,1.7,True
2606,88,2023-08-03,2.1,True
2607,98,2023-04-05,8.1,True
2608,75,2023-04-19,16.0,True
2609,208,2024-06-04,7.0,True
2610,151,2023-03-31,4.8,True
2611,147,2023-11-25,1.1,True
2612,97,2023-10-28,1.2,True
2613,117,2023-02-02,5.4,True
2614,195,2024-08-04,,True
2615,145,2024-11-19,2.3,True
2616,180,2024-03-22,5.2,True
2617,9,2024-04-14,,True
2618,190,2023-06-12,9.6,True
2619,210,2024-08-13,5.5,True
2620,147,2024-07-02,11.7,True
2621,211,2023-11-03,5.0,True
2622,125,2024-05-09,4.6,True
2623,61,2024-10-30,10.4,True
2624,134,2024-02-26,2.5,True
2625,139,2023-05-20,35.5,True
2626,32,2023-08-20,6.4,True
2627,45,2023-05-10,6.5,True
2628,65,2023-08-21,7.2,True
2629,121,2024-09-15,18.4,True
2630,33,2023-05-13,77.7,True
2631,170,2024-09-16,1.6,True
2632,25,2023-07-19,13.2,True
2633,207,2023-12-16,3.9,True
2634,149,2024-01-05,5.3,True
2635,75,2023-03-30,2.0,True
2636,82,2023-05-09,7.2,True
2637,153,2023-08-02,3.1,True
2638,20,2023-02-11,5.3,True
2639,158,2024-06-11,4.1,True
2640,122,2024-01-18,19.1,True
2641,49,2024-08-15,19.8,True
2642,198,2024-08-27,5.1,True
2643,139,2023-09-01,5.2,True
2644,37,2024-07-25,3.8,False
2645,145,2023-02-12,10.7,True
2646,91,2023-10-28,3.9,True
2647,169,2024-04-11,3.7,True
2648,109,2023-11-23,9.8,False
2649,220,2024-06-01,3.4,True
2650,205,2024-08-24,4.8,True
2651,9,2023-10-24,1.6,True
2652,91,2023-07-12,8.1,True
2653,45,2024-02-13,19.3,True
2654,100,2024-08-30,8.2,True
2655,32,2024-11-22,90.1,True
2656,118,2024-07-24,2.7,True
2657,34,2023-06-21,,True
2658,138,2023-05-24,2.6,True
2659,100,2024-02-06,4.2,True
2660,219,2023-10-09,8.5,True
2661,194,2024-03-03,5.3,False
2662,133,2024-10-08,1.8,True
2663,99,2024-01-20,2.0,False
2664,158,2023-09-06,1.9,True
2665,148,2024-08-31,7.0,True
2666,31,2023-11-04,21.0,True
2667,83,2024-02-28,12.9,True
2668,219,2023-04-05,1.3,True
2669,71,2023-12-22,13.4,True
2670,3,2023-10-26,9.5,True
2671,184,2023-03-28,1.7,True
2672,206,2023-05-29,4.0,True
2673,145,2024-05-07,10.7,True
2674,140,2023-05-07,7.3,True
2675,78,2023-04-03,2.0,True
2676,80,2023-02-10,7.6,True
2677,202,2023-01-19,1.1,True
2678,189,2023-11-01,4.2,True
2679,110,2023-12-08,11.0,True
2680,69,2024-03-13,5.0,False
2681,42,2024-02-05,3.5,True
2682,3,2024-01-11,9.2,True
2683,107,2024-11-30,9.8,True
2684,122,2023-06-24,12.4,True
2685,149,2024-05-13,9.1,True
2686,178,2023-02-25,,True
2687,81,2024-08-17,8.3,True
2688,37,2023-09-11,6.0,False
2689,186,2023-08-31,5.3,True
2690,168,2023-04-05,4.2,False
2691,118,2023-12-23,2.1,True
2692,9,2023-10-07,2.5,True
2693,103,2024-11-12,4.1,True
2694,137,2023-05-05,5.9,True
2695,189,2023-10-20,13.6,False
2696,112,2024-09-22,4.8,True
2697,102,2024-07-19,10.0,True
2698,84,2024-06-19,10.5,True
2699,92,2024-01-04,4.2,True
2700,4,2024-09-03,7.5,True
2701,23,2023-06-06,4.2,True
2702,167,2024-07-20,12.5,True
2703,80,2024-02-11,7.7,True
2704,188,2023-09-02,2.2,True
2705,88,2023-06-02,5.5,True
2706,220,2024-01-01,15.7,True
2707,40,2023-01-03,4.4,True
2708,42,2024-05-15,6.8,True
2709,130,2023-06-15,7.3,True
2710,177,2023-09-30,2.4,True
2711,32,2023-05-16,7.1,True
2712,111,2023-11-22,1.9,True
2713,50,2023-09-17,3.2,True
2714,163,2023-05-12,10.5,False
2715,124,2024-09-14,,True
2716,144,2024-06-15,79.8,True
2717,60,2023-09-29,6.8,False
2718,64,2023-02-10,4.7,True
2719,141,2024-08-14,5.0,True
2720,78,2024-05-02,7.8,True
2721,152,2024-01-24,3.0,True
2722,34,2024-02-28,5.1,False
2723,67,2023-01-06,4.0,True
2724,23,2023-11-28,1.6,False
2725,20,2023-05-13,,True
2726,58,2024-03-31,14.8,True
2727,108,2024-10-13,6.5,True
2728,32,2024-01-07,2.0,False
2729,21,2024-02-27,1.7,False
2730,194,2024-04-12,4.6,True
2731,114,2024-10-12,14.8,True
2732,158,2023-01-27,4.3,True
2733,160,2023-08-06,12.4,True
2734,23,2023-07-07,6.3,True
2735,137,2024-05-16,6.9,False
2736,190,2023-11-10,1.9,True
2737,99,2024-06-24,9.5,True
2738,190,2023-11-27,3.9,False
2739,209,2024-11-13,9.1,True
2740,121,2024-06-20,2.8,True
2741,23,2023-01-13,5.6,True
2742,136,2024-11-22,6.3,True
2743,194,2024-10-28,4.4,True
2744,128,2023-01-31,6.6,True
2745,177,2023-10-02,4.1,True
2746,118,2024-11-10,3.1,True
2747,93,2024-08-09,15.2,True
2748,209,2023-11-24,10.3,False
2749,34,2024-01-17,2.9,True
2750,99,2023-01-21,7.4,False
2751,35,2024-01-31,2.9,True
2752,145,2024-04-11,2.2,False
2753,203,2023-09-09,10.2,True
2754,220,2023-08-03,1.5,True
2755,52,2024-08-02,9.5,True
2756,161,2023-11-11,4.1,False
2757,193,2023-07-04,4.3,False
2758,184,2023-09-20,6.6,True
2759,111,2023-12-11,7.4,True
2760,39,2023-07-01,2.8,True
2761,102,2024-01-28,8.2,True
2762,171,2024-08-25,5.4,True
2763,137,2024-06-03,2.1,True
2764,86,2023-06-11,4.4,True
2765,48,2023-11-27,13.0,False
2766,144,2024-01-16,16.0,True
2767,95,2024-04-21,8.2,True
2768,104,2024-06-13,2.2,True
2769,207,2023-12-06,7.0,True
2770,3,2023-08-09,9.0,True
2771,53,2024-04-06,8.2,True
2772,203,2023-03-30,8.6,True
2773,203,2024-04-16,6.4,True
2774,67,2024-09-19,4.7,True
2775,219,2024-05-11,3.2,True
2776,47,2023-10-31,1.3,True
2777,12,2024-07-30,6.3,True
2778,68,2024-01-08,5.6,True
2779,117,2024-01-14,7.3,True
2780,2,2024-08-19,1.9,True
2781,38,2023-05-16,7.8,True
2782,174,2024-06-29,,True
2783,137,2024-04-20,5.2,True
2784,134,2024-01-06,4.7,True
2785,218,2023-02-23,6.1,True
2786,51,2024-06-20,20.5,True
2787,198,2023-06-03,2.4,True
2788,79,2024-09-18,5.7,True
2789,204,2024-07-08,2.8,False
2790,173,2023-09-12,3.4,True
2791,47,2023-11-01,4.8,True
2792,47,2023-01-18,12.7,True
2793,120,2023-12-15,17.5,True
2794,111,2023-02-10,6.8,True
2795,52,2024-11-22,3.8,False
2796,58,2024-03-24,28.4,True
2797,198,2023-06-14,3.7,True
2798,166,2024-07-16,3.3,False
2799,43,2023-01-14,1.4,True
2800,160,2024-01-20,13.2,True
2801,34,2023-03-19,9.8,True
2802,98,2023-02-08,,True
2803,3,2023-06-21,1.9,True
2804,143,2023-07-26,13.7,True
2805,41,2024-05-23,5.2,False
2806,52,2024-09-15,8.7,True
2807,42,2024-06-27,1.6,True
2808,41,2024-06-01,13.8,True
2809,18,2024-01-31,8.6,True
2810,122,2023-09-17,4.8,True
2811,191,2023-06-28,7.8,True
2812,67,2024-10-24,2.9,True
2813,172,2024-01-01,3.3,True
2814,120,2024-01-31,3.6,False
2815,56,2023-01-11,1.4,True
2816,14,2023-11-17,9.1,True
2817,173,2024-04-22,11.4,True
2818,6,2023-12-13,3.0,True
2819,93,2024-03-06,6.3,False
2820,8,2024-07-20,4.1,False
2821,171,2023-01-16,6.2,True
2822,218,2024-09-25,3.2,True
2823,72,2024-07-25,2.7,True
2824,69,2023-10-21,10.3,True
2825,125,2024-06-18,4.7,True
2826,111,2023-02-16,20.4,True
2827,84,2023-08-04,5.1,False
2828,81,2023-03-17,2.6,True
2829,42,2024-03-20,,True
2830,56,2024-08-22,7.7,True
2831,129,2024-02-26,8.2,False
2832,162,2024-05-13,11.4,True
2833,166,2023-04-11,3.1,True
2834,114,2024-10-15,4.5,True
2835,166,2023-05-16,4.4,True
2836,131,2024-01-04,2.0,True
2837,79,2024-04-23,4.1,True
2838,78,2024-08-22,12.6,True
2839,115,2024-10-15,5.8,True
2840,68,2024-02-24,1.9,True
2841,169,2024-02-08,1.7,False
2842,41,2023-10-19,15.9,True
2843,12,2024-02-02,4.6,True
2844,109,2024-04-17,3.1,True
2845,16,2024-03-28,4.1,True
2846,43,2024-02-19,118.2,True
2847,83,2023-11-05,13.4,True
2848,1,2023-05-18,3.8,True
2849,50,2023-02-07,12.9,True
2850,120,2023-10-22,5.1,True
2851,83,2023-10-05,13.5,True
2852,198,2024-03-01,5.9,True
2853,21,2024-09-22,9.0,True
2854,159,2024-05-06,8.2,True
2855,131,2024-07-17,7.7,False
2856,142,2024-02-09,6.3,True
2857,148,2024-10-11,4.2,True
2858,12,2024-10-19,18.9,True
2859,175,2023-04-17,2.6,True
2860,73,2024-03-23,5.0,False
2861,144,2023-12-21,5.0,True
2862,65,2024-11-11,6.6,True
2863,88,2024-02-14,3.7,True
2864,155,2023-01-12,6.2,True
2865,206,2023-05-27,4.4,False
2866,194,2023-04-01,1.6,False
2867,160,2023-05-21,5.0,True
2868,119,2023-03-09,2.3,True
2869,117,2024-07-01,1.5,True
2870,213,2023-12-12,5.5,True
2871,46,2024-04-15,7.0,True
2872,210,2024-11-30,7.2,False
2873,143,2024-03-29,7.4,True
2874,136,2023-12-02,1.3,True
2875,131,2023-07-06,1.9,True
2876,179,2024-06-12,19.7,False
2877,151,2023-12-21,2.4,False
2878,21,2024-06-13,7.6,True
2879,172,2023-01-17,3.1,True
2880,161,2023-04-25,5.2,True
2881,202,2023-04-01,3.2,True
2882,207,2024-04-21,7.3,False
2883,209,2023-12-29,5.5,False
2884,10,2023-08-10,3.6,True
2885,139,2023-08-05,,True
2886,206,2024-02-29,6.0,True
2887,213,2024-11-06,2.1,False
2888,121,2024-11-27,6.7,True
2889,201,2023-11-27,31.1,False
2890,194,2024-04-14,12.7,True
2891,1,2023-02-28,8.2,False
2892,195,2024-10-23,4.7,True
2893,141,2023-01-13,1.3,True
2894,127,2023-08-28,2.0,True
2895,40,2024-05-22,12.2,True
2896,203,2024-11-09,2.8,True
2897,65,2023-05-01,3.0,False
2898,92,2024-04-07,4.4,True
2899,66,2023-05-12,2.4,False
2900,214,2023-02-05,2.1,True
2901,107,2023-10-24,4.8,True
2902,26,2024-02-08,2.7,False
2903,3,2023-07-04,2.9,True
2904,216,2024-11-12,2.9,False
2905,52,2024-03-07,7.1,False
2906,170,2023-11-03,4.2,True
2907,7,2023-12-06,4.4,True
2908,198,2023-11-21,7.5,True
2909,144,2023-03-20,4.5,True
2910,50,2024-02-29,4.1,True
2911,196,2024-07-03,6.9,True
2912,66,2023-10-22,7.9,True
2913,220,2023-10-26,,True
2914,132,2024-09-29,5.2,False
2915,99,2024-03-03,2.9,True
2916,13,2023-07-28,2.7,False
2917,58,2023-01-03,8.5,True
2918,13,2024-07-30,6.8,True
2919,188,2024-03-14,6.8,True
2920,23,2024-03-14,6.0,True
2921,25,2023-07-17,,True
2922,28,2023-05-11,8.1,True
2923,215,2023-12-13,9.5,True
2924,214,2024-06-14,9.4,True
2925,158,2023-07-28,4.6,True
2926,17,2024-01-04,13.1,True
2927,111,2024-11-28,5.8,True
2928,209,2023-06-03,7.7,True
2929,22,2023-06-11,6.0,True
2930,175,2023-06-15,5.9,True
2931,5,2024-10-01,3.0,False
2932,177,2024-01-06,8.1,True
2933,120,2024-10-04,36.3,True
2934,196,2024-10-25,3.8,True
2935,92,2023-10-22,5.2,True
2936,173,2023-02-08,3.6,True
2937,186,2023-08-01,3.5,True
2938,72,2024-01-16,14.6,False
2939,142,2023-09-24,,True
2940,102,2023-01-02,3.6,True
2941,96,2024-11-23,,True
2942,176,2023-08-01,2.9,False
2943,50,2024-03-09,1.5,True
2944,27,2024-10-24,7.7,True
2945,106,2024-01-17,35.2,True
2946,181,2024-05-01,3.8,True
2947,36,2023-01-26,1.5,False
2948,75,2024-05-02,9.3,True
2949,147,2024-08-16,3.0,True
2950,105,2024-10-04,12.3,True
2951,134,2023-02-28,4.1,True
2952,117,2023-06-09,,True
2953,179,2023-02-02,4.4,False
2954,193,2024-10-04,8.4,True
2955,99,2023-07-12,4.2,True
2956,95,2024-01-08,3.5,True
2957,62,2023-11-30,4.3,True
2958,98,2024-04-27,2.0,True
2959,185,2024-09-18,6.5,True
2960,111,2023-08-15,1.4,True
2961,153,2024-07-07,3.6,False
2962,93,2023-07-23,8.4,True
2963,156,2023-05-19,6.1,True
2964,157,2023-03-16,7.5,False
2965,117,2023-09-18,4.7,True
2966,206,2024-01-28,11.2,True
2967,193,2024-06-30,9.5,True
2968,35,2024-08-16,6.8,True
2969,51,2024-01-04,9.5,True
2970,211,2023-10-14,8.4,True
2971,89,2023-05-03,3.6,True
2972,69,2024-10-01,1.9,True
2973,176,2023-10-05,6.6,True
2974,133,2024-06-19,7.3,True
2975,30,2024-03-14,10.6,True
2976,21,2024-10-14,2.6,True
2977,178,2024-11-12,2.6,True
2978,169,2024-05-09,6.8,True
2979,78,2024-04-08,4.7,True
2980,190,2023-04-07,1.3,True
2981,28,2023-01-12,6.4,True
2982,192,2024-01-18,1.4,True
2983,18,2024-05-08,2.6,False
2984,140,2024-06-06,12.8,True
2985,186,2023-06-25,17.8,True
2986,137,2023-12-19,2.1,True
2987,172,2024-08-26,3.9,True
2988,76,2023-03-08,5.1,True
2989,64,2023-09-26,17.2,True
2990,59,2024-10-23,,True
2991,26,2023-05-20,3.5,False
2992,62,2023-08-10,14.6,True
2993,55,2023-11-24,3.8,True
2994,167,2024-04-26,8.2,True
2995,47,2023-06-28,1.8,True
2996,37,2024-07-08,4.4,True
2997,162,2023-06-15,1.6,True
2998,119,2023-09-15,2.4,True
2999,48,2024-02-06,8.9,True
3000,156,2023-01-09,4.8,True
3001,48,2024-06-21,4.0,True
3002,173,2024-04-13,2.9,True
3003,8,2024-08-07,4.2,True
3004,130,2023-07-12,6.1,True
3005,132,2023-10-06,9.9,False
3006,83,2024-09-20,0.8,True
3007,152,2023-02-16,2.8,False
3008,84,2023-12-10,,True
3009,144,2023-12-05,88.5,True
3010,50,2023-11-10,6.6,True
3011,126,2023-10-31,6.0,True
3012,167,2024-06-07,4.0,True
3013,213,2023-05-18,3.4,True
3014,80,2024-09-15,4.2,True
3015,105,2024-09-19,11.1,True
3016,105,2023-05-06,3.0,True
3017,190,2024-11-12,4.7,True
3018,212,2023-07-03,5.6,True
3019,143,2023-02-06,14.8,False
3020,181,2023-10-06,4.0,True
3021,19,2024-07-11,9.7,True
3022,168,2024-08-14,11.7,True
3023,179,2024-03-28,4.7,True
3024,158,2024-07-21,4.3,False
3025,129,2023-07-03,3.9,True
3026,198,2024-09-07,4.1,True
3027,144,2024-03-20,9.0,True
3028,187,2023-04-04,5.8,True
3029,40,2023-04-01,5.8,True
3030,147,2023-07-07,2.3,True
3031,97,2023-02-18,2.5,True
3032,192,2023-07-17,22.2,True
3033,194,2024-11-26,4.4,False
3034,186,2023-06-18,,True
3035,48,2024-03-21,13.5,True
3036,109,2024-11-15,6.0,True
3037,1,2023-06-27,7.4,True
3038,216,2024-05-02,4.5,True
3039,57,2023-11-12,4.0,True
3040,138,2023-07-19,4.4,True
3041,108,2024-10-27,1.9,True
3042,200,2024-04-04,4.7,True
3043,181,2023-11-04,6.1,True
3044,171,2024-07-22,18.1,True
3045,142,2024-09-22,5.3,True
3046,27,2024-07-01,1.0,True
3047,203,2024-08-31,4.6,False
3048,14,2023-08-14,33.7,True
3049,101,2023-08-29,9.1,True
3050,84,2023-06-12,2.8,False
3051,86,2024-05-02,7.5,True
3052,215,2024-07-16,2.9,False
3053,51,2024-04-07,1.9,False
3054,128,2024-02-24,3.9,True
3055,48,2024-06-23,5.3,False
3056,201,2023-05-08,1.3,True
3057,162,2023-09-14,2.2,True
3058,92,2024-05-09,5.0,False
3059,18,2023-02-06,3.7,True
3060,34,2024-09-29,6.5,True
3061,54,2023-04-30,2.1,True
3062,90,2024-07-04,8.2,True
3063,195,2024-03-07,2.2,False
3064,27,2024-08-16,15.6,True
3065,127,2024-06-26,1.5,True
3066,77,2023-12-28,2.3,True
3067,11,2024-06-13,6.6,True
3068,137,2023-08-31,15.9,False
3069,155,2024-02-13,6.2,True
3070,212,2024-10-02,7.3,True
3071,112,2023-03-01,5.0,True
3072,72,2023-09-07,2.4,True
3073,188,2023-01-13,3.5,True
3074,55,2024-01-09,2.1,True
3075,151,2024-07-01,2.0,True
3076,208,2023-01-27,-6.6,False
3077,1,2024-01-20,2.3,True
3078,204,2023-10-18,6.2,True
3079,46,2024-07-01,2.0,True
3080,106,2023-06-04,6.1,False
3081,57,2023-04-24,3.5,True
3082,32,2023-03-08,13.3,True
3083,155,2023-10-13,6.2,False
3084,107,2023-12-08,11.8,False
3085,113,2024-10-05,2.9,True
3086,107,2023-11-23,5.2,True
3087,165,2023-05-01,2.5,True
3088,213,2024-05-04,3.7,True
3089,113,2023-02-13,4.1,True
3090,35,2023-08-30,3.0,True
3091,73,2024-04-02,,True
3092,110,2023-06-27,,True
3093,23,2024-02-21,1.0,False
3094,51,2023-11-14,2.4,True
3095,45,2024-10-28,82.3,True
3096,215,2023-07-21,1.6,True
3097,89,2024-09-26,1.9,True
3098,194,2024-03-14,17.4,True
3099,122,2024-06-08,3.2,True
3100,112,2023-04-29,6.2,True
3101,207,2023-01-14,7.8,True
3102,153,2024-05-26,7.9,True
3103,53,2023-12-03,1.7,True
3104,62,2023-08-05,4.2,True
3105,147,2024-09-19,1.6,True
3106,1,2023-08-17,27.5,True
3107,34,2023-10-31,1.6,True
3108,17,2024-05-21,2.4,True
3109,158,2024-11-04,2.4,True
3110,98,2024-09-21,1.7,True
3111,3,2024-04-01,12.8,False
3112,164,2023-03-19,27.0,True
3113,145,2023-03-18,,True
3114,159,2024-04-30,2.0,True
3115,36,2023-12-23,100.4,True
3116,193,2023-04-04,,True
3117,40,2024-05-01,4.0,True
3118,126,2024-10-21,,True
3119,123,2023-02-15,5.8,False
3120,49,2024-07-31,6.5,True
3121,83,2023-08-30,6.2,True
3122,12,2023-10-06,4.0,False
3123,104,2024-05-16,2.3,True
3124,149,2023-06-22,7.9,True
3125,68,2023-04-20,5.0,True
3126,119,2024-11-05,9.2,True
3127,210,2023-09-01,8.6,False
3128,52,2023-04-29,1.8,True
3129,64,2024-04-27,1.8,True
3130,27,2023-06-01,2.9,True
3131,120,2024-06-26,2.4,True
3132,45,2023-02-19,8.4,True
3133,188,2023-12-29,6.3,True
3134,65,2023-10-10,,True
3135,147,2024-10-31,6.5,True
3136,42,2023-12-31,5.7,False
3137,72,2024-10-09,11.5,False
3138,38,2023-06-23,6.9,True
3139,122,2023-11-28,5.2,True
3140,7,2024-07-23,14.0,True
3141,19,2023-04-23,5.4,False
3142,111,2024-10-11,4.0,True
3143,121,2024-06-25,2.8,True
3144,73,2024-04-18,8.1,True
3145,95,2023-06-20,11.8,False
3146,92,2024-07-26,4.8,False
3147,167,2024-08-12,12.4,True
3148,99,2023-07-24,1.2,True
3149,187,2024-02-16,4.8,False
3150,48,2023-02-12,,True
3151,44,2023-10-03,3.0,True
3152,89,2023-04-16,26.3,True
3153,18,2024-01-25,4.7,True
3154,148,2024-01-20,3.7,False
3155,86,2024-01-08,5.0,True
3156,81,2024-04-19,1.2,True
3157,118,2024-10-09,99.0,True
3158,19,2023-05-18,9.9,True
3159,83,2023-05-31,3.2,False
3160,214,2023-05-31,2.8,True
3161,139,2024-10-11,12.4,True
3162,127,2023-03-06,12.7,True
3163,112,2023-01-22,7.1,True
3164,104,2023-04-23,3.6,False
3165,207,2024-06-22,,True
3166,205,2024-02-10,2.8,True
3167,91,2024-10-05,2.5,False
3168,204,2023-05-24,2.4,True
3169,19,2023-10-03,3.2,True
3170,71,2024-01-24,2.4,True
3171,67,2023-02-21,1.7,False
3172,154,2024-10-04,5.8,True
3173,134,2024-07-17,5.8,True
3174,104,2023-04-11,16.3,True
3175,57,2024-08-13,3.1,True
3176,112,2023-11-11,6.1,True
3177,60,2023-08-24,6.2,True
3178,110,2024-10-24,4.1,True
3179,75,2023-12-30,8.3,True
3180,196,2023-06-09,8.5,True
3181,165,2024-07-20,6.2,True
3182,39,2024-05-16,,True
3183,207,2023-05-15,3.9,True
3184,145,2024-04-19,,True
3185,78,2024-03-16,2.8,False
3186,117,2023-07-12,3.2,False
3187,44,2023-10-29,2.3,False
3188,11,2024-08-10,,True
3189,93,2023-05-03,11.4,True
3190,173,2024-05-20,2.6,True
3191,78,2024-08-05,6.0,True
3192,85,2024-10-17,2.4,True
3193,218,2023-08-16,4.0,True
3194,218,2023-07-06,3.1,True
3195,103,2024-10-16,7.5,True
3196,10,2023-11-20,3.1,True
3197,150,2024-02-03,10.1,False
3198,158,2023-12-26,4.2,True
3199,202,2023-12-27,3.1,True
3200,209,2024-03-13,2.1,True
3201,139,2023-10-24,5.9,True
3202,24,2023-10-02,9.3,False
3203,55,2023-10-08,6.0,True
3204,158,2024-04-04,23.7,True
3205,134,2024-07-26,13.5,True
3206,96,2024-01-24,4.0,True
3207,89,2024-04-19,4.0,False
3208,157,2023-10-17,6.9,False
3209,93,2024-06-25,2.8,True
3210,35,2023-10-03,11.2,True
3211,216,2023-10-22,6.4,True
3212,77,2023-02-08,5.9,True
3213,62,2023-07-03,8.0,True
3214,16,2024-05-31,16.5,True
3215,104,2023-03-02,5.6,True
3216,217,2023-06-06,4.6,False
3217,36,2024-06-27,14.2,True
3218,54,2024-09-03,9.8,True
3219,40,2023-10-18,4.0,True
3220,21,2023-10-12,5.0,False
3221,133,2023-12-23,5.7,True
3222,66,2024-06-23,6.4,True
3223,166,2023-11-25,1.9,True
3224,89,2023-05-02,1.7,True
3225,141,2023-10-29,2.7,True
3226,20,2023-06-28,2.5,True
3227,73,2024-04-23,3.2,True
3228,92,2023-04-10,7.7,True
3229,14,2024-03-02,,True
3230,93,2023-04-01,5.7,True
3231,104,2024-11-11,2.1,True
3232,89,2024-03-24,3.6,True
3233,111,2023-04-08,7.5,True
3234,176,2024-11-02,7.5,False
3235,170,2024-02-06,3.0,True
3236,4,2024-02-29,5.5,True
3237,141,2023-02-14,23.1,True
3238,199,2023-05-12,4.9,True
3239,192,2024-07-19,3.0,True
3240,72,2023-11-24,4.4,True
3241,173,2024-03-07,5.3,True
3242,177,2024-11-22,4.5,True
3243,81,2023-10-27,4.8,True
3244,192,2023-09-24,1.8,True
3245,140,2024-07-15,2.5,True
3246,166,2023-02-16,4.5,True
3247,165,2023-11-15,4.4,True
3248,172,2024-08-21,3.3,True
3249,211,2023-06-09,4.4,True
3250,189,2023-08-01,5.2,True
3251,93,2023-11-27,9.2,True
3252,124,2023-02-22,4.6,True
3253,143,2023-02-19,6.5,True
3254,189,2023-06-26,3.4,False
3255,87,2024-09-20,7.4,False
3256,69,2023-06-05,6.4,True
3257,163,2024-05-26,9.1,False
3258,210,2023-10-26,8.2,True
3259,201,2024-06-16,7.5,False
3260,33,2023-08-20,4.6,True
3261,203,2024-09-04,5.9,True
3262,174,2023-09-17,10.4,False
3263,35,2024-07-08,,True
3264,2,2024-08-04,3.2,True
3265,45,2023-10-30,5.6,True
3266,205,2024-04-11,6.6,True
3267,167,2023-03-25,2.8,False
3268,127,2023-12-14,4.7,True
3269,139,2023-09-19,4.6,False
3270,91,2024-10-30,1.1,False
3271,200,2024-10-15,4.2,True
3272,35,2024-07-02,4.4,True
3273,70,2024-10-26,4.4,True
3274,45,2024-11-14,13.3,True
3275,187,2024-06-21,2.1,True
3276,119,2024-02-20,2.8,True
3277,151,2023-05-24,0.8,True
3278,203,2024-07-24,3.5,True
3279,44,2023-05-17,3.8,True
3280,213,2023-05-10,3.5,True
3281,28,2024-09-07,10.8,True
3282,166,2023-03-22,9.0,True
3283,155,2023-04-10,5.2,True
3284,182,2023-12-24,3.8,True
3285,35,2024-02-13,10.2,True
3286,212,2023-02-01,4.9,True
3287,175,2023-09-22,2.8,True
3288,25,2023-06-07,1.5,True
3289,123,2023-07-31,3.6,False
3290,180,2023-05-07,8.4,False
3291,105,2024-04-19,24.4,True
3292,84,2023-11-28,5.2,False
3293,61,2024-11-02,2.9,True
3294,114,2023-01-06,2.2,True
3295,217,2024-06-28,7.3,True
3296,134,2024-09-28,1.4,True
3297,159,2023-12-07,7.3,True
3298,172,2024-05-04,8.8,False
3299,172,2023-11-05,6.7,False
3300,89,2024-02-21,4.2,True
3301,170,2024-09-27,7.4,True
3302,73,2024-01-07,5.6,True
3303,129,2024-02-09,2.9,True
3304,67,2024-11-21,18.1,True
3305,207,2023-12-14,3.9,False
3306,161,2023-05-02,8.5,True
3307,129,2024-04-22,0.9,True
3308,100,2024-04-30,12.1,False
3309,115,2023-06-16,13.8,True
3310,172,2024-05-25,5.1,True
3311,61,2023-02-14,7.3,True
3312,183,2023-08-13,7.3,True
3313,62,2024-08-21,3.2,True
3314,32,2024-03-08,7.3,True
3315,163,2024-03-01,2.8,True
3316,156,2024-03-10,3.2,True
3317,74,2023-04-26,10.9,True
3318,143,2024-11-03,,True
3319,161,2023-07-28,3.0,True
3320,174,2024-07-04,3.0,True
3321,210,2024-11-23,3.2,True
3322,188,2023-06-18,8.3,True
3323,97,2024-03-20,2.5,True
3324,51,2023-01-30,6.4,True
3325,22,2024-03-21,8.4,False
3326,127,2023-11-05,4.7,True
3327,147,2023-02-20,10.0,True
3328,152,2024-04-15,,True
3329,3,2024-11-09,4.3,True
3330,155,2023-02-28,2.5,True
3331,174,2024-09-16,10.1,True
3332,159,2024-08-13,2.9,False
3333,116,2024-01-19,6.3,True
3334,4,2024-09-22,4.7,True
3335,108,2023-08-05,2.4,True
3336,142,2024-05-19,3.2,False
3337,126,2024-05-03,13.0,False
3338,127,2024-02-11,5.7,True
3339,114,2024-08-06,2.4,True
3340,122,2024-09-05,6.1,False
3341,72,2024-07-04,4.5,False
3342,134,2024-02-16,40.0,True
3343,62,2024-11-14,6.0,False
3344,109,2024-01-24,3.8,True
3345,92,2024-03-21,13.4,True
3346,158,2023-05-13,1.4,True
3347,197,2023-08-13,5.3,True
3348,140,2024-09-25,20.0,True
3349,30,2023-12-15,4.6,True
3350,147,2023-12-24,1.5,True
3351,72,2024-07-25,3.8,True
3352,11,2023-08-17,13.7,True
3353,43,2023-07-05,6.4,True
3354,220,2023-01-07,2.8,True
3355,94,2023-06-11,3.1,True
3356,45,2023-12-25,3.3,True
3357,30,2024-05-22,6.4,True
3358,144,2023-08-19,12.6,True
3359,168,2023-11-08,10.3,True
3360,78,2023-06-05,6.8,False
3361,23,2024-07-25,2.0,True
3362,79,2024-01-03,2.0,True
3363,147,2023-04-11,7.2,True
3364,26,2024-03-02,1.9,True
3365,59,2023-08-23,4.2,False
3366,1,2024-08-28,6.1,True
3367,104,2023-07-07,2.2,True
3368,38,2024-08-28,2.4,True
3369,44,2024-05-03,4.6,True
3370,25,2023-04-05,7.0,True
3371,161,2024-06-15,10.4,True
3372,108,2024-05-19,7.6,True
3373,209,2023-11-16,5.2,True
3374,87,2023-04-23,60.1,True
3375,49,2023-12-01,2.3,True
3376,45,2024-03-02,3.5,False
3377,210,2023-04-03,6.6,True
3378,130,2023-08-27,6.3,True
3379,72,2024-05-06,97.1,True
3380,144,2024-01-23,2.9,True
3381,123,2024-11-25,11.5,False
3382,26,2023-06-01,5.2,True
3383,155,2024-06-28,1.8,True
3384,27,2023-10-25,25.8,True
3385,44,2023-06-06,4.9,True
3386,157,2024-10-27,6.5,True
3387,98,2024-03-12,6.6,False
3388,49,2024-01-10,3.8,True
3389,15,2023-07-26,3.0,True
3390,131,2024-09-09,21.9,False
3391,154,2023-01-22,10.0,True
3392,45,2023-03-22,8.8,True
3393,92,2023-05-06,7.4,True
3394,76,2024-04-02,2.5,True
3395,197,2023-03-13,12.1,True
3396,174,2024-07-12,2.7,True
3397,61,2023-05-18,6.0,True
3398,113,2024-04-18,1.6,True
3399,204,2024-07-10,1.2,True
3400,77,2024-09-07,6.2,False
3401,32,2023-07-24,2.8,True
3402,66,2023-02-22,1.2,True
3403,134,2024-06-13,7.2,True
3404,219,2023-11-11,21.8,True
3405,68,2024-10-26,13.1,True
3406,13,2023-05-12,4.1,True
3407,40,2024-02-06,5.0,True
3408,91,2023-03-25,9.2,False
3409,21,2023-12-06,10.9,True
3410,8,2023-01-01,3.9,False
3411,145,2024-06-09,5.1,True
3412,182,2024-02-28,6.1,True
3413,52,2023-03-09,7.3,True
3414,115,2023-12-16,4.5,True
3415,127,2023-10-27,4.6,True
3416,147,2024-04-16,,True
3417,216,2023-12-16,11.5,True
3418,195,2023-11-18,6.9,True
3419,70,2024-08-04,16.5,False
3420,215,2023-12-30,3.8,True
3421,8,2024-07-23,15.4,False
3422,212,2024-09-11,7.2,True
3423,32,2024-08-16,40.0,True
3424,26,2024-10-30,2.1,True
3425,27,2024-05-03,3.1,True
3426,27,2024-01-29,6.6,True
3427,102,2024-01-07,6.5,True
3428,141,2023-05-24,19.4,False
3429,164,2024-08-02,3.1,True
3430,4,2024-04-30,9.3,True
3431,66,2024-09-03,11.2,True
3432,30,2024-05-06,8.1,True
3433,33,2023-12-03,2.5,True
3434,165,2023-07-26,13.3,True
3435,141,2024-11-20,11.7,True
3436,47,2024-05-28,7.5,True
3437,67,2024-09-04,5.7,True
3438,204,2024-02-14,5.8,True
3439,127,2023-12-24,4.7,True
3440,53,2023-01-25,7.8,True
3441,206,2023-02-18,5.1,False
3442,44,2024-05-09,2.7,True
3443,65,2023-06-07,2.4,True
3444,153,2023-02-27,2.9,True
3445,113,2024-06-27,5.8,True
3446,16,2024-03-10,4.9,True
3447,178,2023-03-19,5.8,True
3448,51,2023-12-16,7.0,False
3449,153,2023-11-25,3.2,True
3450,74,2023-01-03,,True
3451,166,2024-02-28,4.1,True
3452,198,2023-10-05,3.7,True
3453,170,2024-09-06,6.9,True
3454,203,2023-03-23,1.4,True
3455,119,2024-08-15,2.8,True
3456,15,2023-01-05,9.8,True
3457,118,2024-06-18,1.5,True
3458,102,2024-07-01,10.8,True
3459,159,2023-10-13,14.3,True
3460,55,2023-07-16,3.8,True
3461,154,2023-04-10,6.1,False
3462,98,2023-08-26,10.8,True
3463,148,2024-04-13,3.6,True
3464,93,2024-05-22,9.1,True
3465,85,2023-05-07,3.1,False
3466,48,2023-01-08,3.5,True
3467,183,2024-01-28,2.8,True
3468,16,2024-02-11,6.3,True
3469,52,2024-11-17,11.1,False
3470,94,2024-06-16,4.4,True
3471,35,2024-01-21,2.0,True
3472,202,2024-02-19,2.3,True
3473,76,2024-03-27,6.5,True
3474,54,2023-11-13,18.0,True
3475,56,2024-04-19,6.5,True
3476,43,2023-05-17,3.8,True
3477,146,2024-08-04,8.5,True
3478,106,2024-08-26,4.2,True
3479,51,2023-11-01,3.8,True
3480,193,2023-11-16,2.5,True
3481,145,2023-12-15,13.3,True
3482,89,2024-07-26,0.8,True
3483,113,2023-05-04,8.7,True
3484,145,2023-08-28,3.6,True
3485,34,2024-03-06,3.7,False
3486,178,2024-04-30,16.2,False
3487,57,2023-07-27,3.0,True
3488,7,2023-03-24,3.1,True
3489,115,2023-12-22,4.5,False
3490,193,2024-03-22,6.6,True
3491,162,2024-06-20,,True
3492,68,2023-01-03,1.6,True
3493,88,2023-01-13,2.7,True
3494,132,2023-09-28,12.1,True
3495,52,2024-01-30,5.2,False
3496,181,2023-01-03,6.8,True
3497,65,2023-05-02,4.1,True
3498,48,2023-10-21,3.1,True
3499,21,2023-07-15,16.0,True
3500,153,2024-05-12,4.3,True
3501,6,2023-01-25,3.6,False
3502,178,2024-09-13,10.7,True
3503,215,2023-04-29,3.0,True
3504,25,2023-11-05,3.3,True
3505,22,2024-11-21,5.0,True
3506,206,2024-04-08,5.0,True
3507,28,2024-11-29,5.9,True
3508,90,2023-01-14,21.4,True
3509,192,2024-05-18,6.3,True
3510,31,2023-02-22,0.9,True
3511,146,2024-03-04,74.6,True
3512,85,2023-08-17,5.1,False
3513,96,2024-06-27,5.1,False
3514,205,2023-03-29,5.9,True
3515,143,2024-09-19,4.9,False
3516,71,2023-12-03,4.8,True
3517,206,2023-12-30,7.6,True
3518,128,2024-02-04,3.4,True
3519,22,2023-01-25,2.6,True
3520,87,2023-08-06,40.0,True
3521,54,2024-05-11,3.0,True
3522,142,2024-11-03,5.3,True
3523,190,2024-11-20,1.7,True
3524,9,2024-01-10,5.4,True
3525,172,2023-06-30,,True
3526,202,2023-12-01,3.6,False
3527,219,2023-11-21,10.3,True
3528,146,2023-10-06,6.9,True
3529,70,2023-09-10,7.4,True
3530,32,2024-08-30,1.4,True
3531,208,2023-10-01,17.9,True
3532,91,2023-01-21,2.2,True
3533,76,2024-05-19,14.4,True
3534,162,2024-04-10,10.1,True
3535,158,2023-09-22,7.4,True
3536,179,2024-03-16,2.7,True
3537,195,2024-10-20,5.5,True
3538,193,2024-10-09,3.6,True
3539,38,2024-07-06,5.1,True
3540,38,2024-02-13,4.2,True
3541,46,2023-01-20,1.2,True
3542,139,2023-12-25,10.9,True
3543,128,2024-07-26,4.7,True
3544,189,2024-08-14,3.5,True
3545,186,2024-06-25,3.3,True
3546,179,2024-11-21,6.4,True
3547,18,2023-12-28,2.6,True
3548,154,2023-03-18,1.0,False
3549,188,2023-12-14,6.6,True
3550,217,2023-08-12,7.1,True
3551,76,2024-08-07,4.3,True
3552,171,2024-06-27,2.2,True
3553,90,2023-10-25,5.3,True
3554,36,2023-09-29,,True
3555,75,2023-04-22,2.4,True
3556,56,2023-01-31,2.9,True
3557,201,2023-08-08,8.9,True
3558,39,2023-06-18,3.8,True
3559,29,2023-07-05,3.6,True
3560,128,2024-11-29,19.5,True
3561,127,2024-04-21,6.3,False
3562,124,2024-01-21,6.3,True
3563,33,2023-05-06,3.8,True
3564,110,2024-08-11,3.3,True
3565,205,2024-03-27,1.1,False
3566,20,2023-12-27,9.8,True
3567,176,2023-11-23,6.8,True
3568,28,2024-01-22,4.4,False
3569,52,2024-08-10,4.5,True
3570,198,2024-05-19,8.3,True
3571,66,2023-12-06,1.7,False
3572,115,2024-04-12,3.3,False
3573,84,2024-10-12,2.2,True
3574,136,2023-08-17,17.1,True
3575,90,2024-09-22,9.1,True
3576,98,2024-02-29,1.1,True
3577,180,2023-05-10,1.7,True
3578,122,2024-11-07,4.5,True
3579,125,2024-04-25,3.6,True
3580,178,2023-09-28,82.5,True
3581,95,2023-05-31,19.3,False
3582,182,2024-10-03,6.2,True
3583,159,2024-07-30,6.9,True
3584,195,2023-02-01,3.1,True
3585,101,2024-03-21,8.2,True
3586,123,2023-03-22,3.8,True
3587,29,2023-07-25,4.1,True
3588,25,2024-02-02,7.6,True
3589,24,2023-06-24,1.6,True
3590,140,2023-12-25,15.1,True
3591,72,2023-10-28,5.6,True
3592,64,2024-02-12,12.1,False
3593,133,2024-07-14,2.3,True
3594,88,2023-04-19,2.6,True
3595,30,2024-07-11,2.2,True
3596,123,2023-06-05,5.9,False
3597,122,2023-01-24,5.2,True
3598,31,2023-11-09,3.6,True
3599,60,2023-07-31,2.4,True
3600,53,2023-05-10,2.0,True
3601,153,2023-10-23,4.8,True
3602,55,2024-08-31,3.6,False
3603,7,2024-02-14,3.1,True
3604,59,2024-05-24,,True
3605,104,2023-04-15,4.7,True
3606,170,2023-02-23,12.0,True
3607,12,2023-08-23,3.4,True
3608,194,2024-06-26,5.9,True
3609,73,2024-09-11,4.8,False
3610,76,2023-03-13,1.5,True
3611,4,2023-11-30,13.5,True
3612,61,2023-10-05,4.5,False
3613,104,2024-06-04,8.4,True
3614,138,2023-05-24,2.9,True
3615,169,2023-12-06,4.4,False
3616,115,2024-08-17,2.7,True
3617,23,2023-11-22,11.8,True
3618,87,2024-06-30,6.2,False
3619,162,2024-03-11,6.4,True
3620,141,2024-02-23,12.8,True
3621,129,2023-07-01,11.1,True
3622,112,2024-11-25,102.4,True
3623,112,2023-06-24,1.8,True
3624,219,2024-10-13,3.0,True
3625,132,2024-11-23,2.5,True
3626,132,2023-12-24,8.2,True
3627,74,2024-08-31,5.6,True
3628,108,2024-05-15,1.9,True
3629,157,2024-05-31,4.3,True
3630,189,2023-02-17,1.7,True
3631,172,2023-04-07,4.8,True
3632,146,2023-02-18,1.6,True
3633,172,2023-01-22,7.2,True
3634,8,2024-08-08,6.5,False
3635,60,2023-05-03,,True
3636,54,2023-01-05,9.0,True
3637,144,2024-10-18,3.7,False
3638,166,2023-07-15,8.8,True
3639,33,2024-07-25,1.9,True
3640,43,2024-11-03,2.5,True
3641,109,2024-01-02,6.3,True
3642,214,2024-10-10,1.1,True
3643,1,2024-11-09,4.8,True
3644,194,2023-04-12,2.4,True
3645,43,2023-04-13,5.3,False
3646,60,2023-09-16,2.3,True
3647,139,2024-01-27,6.7,True
3648,161,2024-07-04,5.0,True
3649,193,2023-05-09,13.2,True
3650,2,2023-05-16,-5.0,True
3651,11,2023-08-03,2.9,True
3652,106,2023-07-09,4.2,True
3653,123,2024-10-20,,True
3654,58,2023-10-05,6.6,True
3655,141,2024-08-30,7.5,True
3656,59,2023-02-09,27.9,True
3657,206,2023-03-13,3.2,True
3658,40,2024-07-16,4.1,True
3659,145,2023-06-24,3.3,True
3660,117,2023-02-27,5.7,True
3661,23,2024-02-21,6.5,True
3662,134,2023-04-14,,True
3663,33,2023-02-12,10.6,True
3664,119,2023-10-12,93.4,False
3665,140,2024-01-21,9.9,True
3666,16,2024-01-05,7.2,True
3667,48,2024-02-14,4.9,True
3668,66,2023-01-17,4.0,True
3669,205,2023-07-23,,True
3670,49,2023-08-29,2.8,True
3671,203,2023-07-25,6.1,True
3672,118,2024-01-27,2.9,True
3673,209,2023-06-10,17.3,True
3674,183,2024-03-18,9.2,True
3675,65,2024-10-16,3.1,True
3676,124,2024-04-07,7.1,True
3677,158,2023-09-30,5.9,False
3678,18,2023-11-01,,True
3679,146,2024-02-14,8.4,True
3680,102,2024-05-21,6.5,True
3681,8,2023-07-31,5.8,True
3682,191,2023-01-27,4.8,True
3683,59,2024-05-06,6.7,True
3684,193,2024-04-08,5.8,True
3685,46,2023-03-13,5.2,True
3686,120,2024-03-14,3.2,True
3687,82,2023-02-20,16.2,True
3688,197,2024-03-26,2.4,True
3689,210,2024-06-04,6.7,False
3690,170,2023-01-11,4.0,True
3691,187,2024-05-23,17.0,True
3692,170,2023-03-26,2.6,True
3693,65,2023-07-05,3.0,True
3694,203,2024-05-08,2.5,True
3695,117,2023-09-06,6.2,True
3696,76,2024-11-14,1.9,True
3697,43,2024-11-01,3.5,True
3698,157,2024-11-21,1.1,False
3699,62,2023-03-15,5.9,False
3700,144,2023-05-04,3.5,True
3701,15,2023-05-09,1.7,True
3702,140,2024-02-14,10.6,True
3703,142,2023-10-29,2.0,False
3704,116,2024-06-06,8.7,True
3705,145,2023-07-17,3.0,True
3706,219,2023-05-20,15.2,False
3707,185,2024-03-30,8.4,True
3708,97,2024-03-08,2.4,True
3709,192,2024-04-28,,True
3710,210,2023-08-07,7.6,True
3711,36,2024-01-04,4.1,True
3712,79,2024-10-11,4.4,True
3713,164,2024-03-03,82.1,True
3714,114,2024-10-14,2.9,False
3715,30,2023-10-31,5.3,True
3716,104,2023-02-01,9.7,True
3717,83,2024-06-16,8.7,True
3718,163,2023-11-19,4.4,True
3719,114,2023-01-30,4.0,True
3720,31,2023-04-08,1.5,True
3721,11,2023-08-08,2.4,True
3722,64,2023-05-14,6.2,False
3723,35,2024-04-24,4.5,True
3724,193,2024-03-03,5.2,True
3725,60,2023-08-19,10.3,True
3726,140,2023-03-01,2.2,True
3727,29,2023-02-24,4.2,False
3728,98,2024-10-23,5.7,True
3729,206,2023-08-30,3.0,True
3730,142,2023-03-17,13.5,True
3731,64,2024-05-13,9.4,True
3732,165,2024-08-31,6.1,True
3733,111,2023-03-27,17.4,True
3734,52,2024-10-23,1.7,True
3735,220,2024-05-22,,True
3736,207,2023-06-26,6.4,True
3737,125,2024-06-26,2.6,True
3738,8,2023-10-21,6.1,True
3739,91,2024-03-20,2.3,True
3740,114,2023-03-30,8.0,True
3741,205,2023-06-20,10.4,True
3742,162,2024-06-25,6.0,True
3743,49,2024-07-17,1.4,True
3744,113,2023-01-08,2.5,True
3745,40,2023-05-31,7.4,True
3746,105,2024-03-01,5.0,True
3747,118,2024-09-26,,True
3748,113,2024-04-17,11.8,True
3749,95,2024-05-09,5.5,True
3750,97,2023-09-30,2.8,True
3751,176,2023-02-08,9.9,True
3752,112,2024-06-20,3.1,True
3753,10,2024-07-13,3.1,True
3754,163,2023-11-07,6.4,False
3755,136,2023-12-21,17.2,True
3756,154,2023-06-14,15.4,False
3757,157,2023-11-13,6.4,True
3758,39,2023-06-19,6.8,True
3759,214,2023-10-22,8.6,True
3760,218,2023-04-04,2.1,True
3761,33,2024-02-29,7.8,True
3762,49,2023-06-23,3.0,True
3763,55,2024-05-22,6.2,False
3764,213,2023-12-29,4.2,True
3765,206,2024-09-19,7.0,False
3766,59,2023-06-04,5.4,True
3767,139,2023-07-11,0.6,True
3768,54,2023-06-20,5.6,True
3769,9,2024-03-17,7.8,True
3770,51,2023-03-16,6.8,False
3771,18,2024-04-25,,True
3772,187,2024-07-27,15.6,True
3773,173,2024-04-17,6.2,True
3774,41,2023-04-05,6.7,True
3775,125,2023-12-12,10.3,False
3776,46,2024-01-09,6.4,True
3777,125,2023-10-01,2.6,True
3778,198,2023-11-23,0.9,True
3779,194,2024-06-17,3.5,True
3780,184,2024-08-07,8.4,True
3781,54,2023-07-30,3.9,True
3782,42,2023-08-19,8.7,True
3783,36,2023-05-26,5.5,True
3784,28,2023-10-09,12.2,True
3785,136,2024-01-18,4.0,True
3786,145,2024-05-14,6.9,True
3787,195,2023-07-07,7.1,False
3788,20,2023-06-01,14.2,False
3789,59,2023-01-24,,True
3790,161,2023-03-07,3.6,True
3791,150,2023-02-06,9.0,True
3792,95,2023-05-26,14.6,False
3793,34,2024-05-01,5.9,False
3794,107,2024-06-25,4.0,True
3795,38,2024-11-12,70.0,True
3796,118,2024-01-17,9.1,True
3797,199,2023-11-15,3.9,True
3798,44,2024-09-21,6.2,False
3799,26,2023-04-13,11.3,False
3800,163,2024-03-17,18.6,False
3801,6,2024-07-26,8.3,True
3802,217,2023-12-18,5.1,True
3803,171,2023-07-03,4.8,False
3804,89,2024-03-10,7.3,True
3805,80,2024-11-27,4.6,True
3806,86,2023-06-15,5.7,True
3807,88,2024-01-30,2.4,True
3808,185,2023-02-05,12.3,True
3809,176,2023-06-12,2.2,False
3810,46,2024-06-20,3.7,True
3811,40,2023-12-14,,True
3812,119,2023-05-20,20.0,True
3813,144,2023-08-23,3.7,True
3814,160,2023-03-26,3.1,True
3815,69,2024-06-29,3.4,True
3816,107,2024-10-22,,True
3817,23,2023-03-16,0.7,True
3818,101,2023-06-16,,True
3819,152,2024-08-22,33.5,True
3820,67,2024-09-07,7.5,True
3821,71,2024-06-21,90.3,True
3822,102,2024-05-15,4.8,True
3823,191,2024-08-25,5.2,True
3824,133,2023-09-19,9.0,True
3825,203,2024-09-18,,True
3826,14,2024-09-12,6.5,True
3827,187,2023-06-10,,True
3828,10,2023-02-21,8.6,True
3829,71,2023-12-31,3.0,True
3830,94,2024-06-14,2.4,True
3831,53,2024-08-17,1.4,True
3832,218,2023-04-10,1.7,True
3833,197,2023-09-22,2.6,False
3834,126,2024-06-21,2.2,True
3835,100,2023-02-12,6.2,True
3836,168,2024-05-21,2.1,True
3837,156,2023-07-24,0.5,True
3838,106,2023-01-16,2.4,False
3839,182,2023-06-19,3.6,False
3840,43,2024-06-03,3.2,True
3841,62,2024-09-01,14.3,True
3842,4,2023-02-26,3.2,False
3843,27,2023-11-21,9.2,True
3844,44,2023-05-21,4.9,False
3845,138,2024-04-23,4.8,True
3846,189,2024-06-30,2.8,False
3847,130,2024-11-04,4.8,True
3848,98,2023-09-06,2.9,True
3849,60,2023-07-29,5.6,False
3850,23,2023-08-05,4.2,True
3851,129,2024-06-16,2.6,False
3852,31,2023-11-08,9.9,True
3853,174,2023-01-16,6.7,True
3854,90,2024-10-25,3.6,True
3855,78,2023-03-14,5.5,True
3856,6,2024-10-11,4.7,True
3857,54,2023-04-24,2.7,True
3858,3,2024-01-12,5.2,True
3859,160,2023-08-07,3.2,True
3860,108,2024-04-25,2.6,True
3861,173,2023-10-10,1.6,True
3862,125,2023-09-15,3.9,False
3863,210,2023-11-30,7.4,True
3864,173,2024-11-10,3.0,True
3865,33,2023-06-21,28.9,True
3866,26,2023-06-03,9.2,True
3867,196,2023-02-16,12.3,False
3868,60,2024-06-01,8.6,True
3869,169,2024-04-19,18.1,True
3870,139,2024-03-02,2.9,True
3871,155,2023-01-17,0.8,True
3872,59,2024-07-07,3.6,True
3873,69,2024-07-20,7.3,True
3874,123,2024-10-23,5.5,True
3875,5,2024-10-12,6.0,True
3876,69,2023-07-04,12.5,True
3877,112,2024-05-12,6.5,True
3878,45,2023-10-09,8.7,True
3879,63,2024-02-22,2.6,True
3880,217,2023-08-21,2.3,True
3881,64,2024-04-04,15.3,True
3882,199,2024-10-28,5.3,True
3883,204,2024-04-01,3.2,True
3884,149,2024-10-06,3.2,True
3885,34,2024-10-14,3.1,True
3886,46,2023-03-25,3.0,True
3887,206,2024-11-06,2.0,True
3888,1,2024-07-26,1.7,True
3889,111,2023-10-26,4.3,False
3890,132,2024-02-25,3.3,True
3891,185,2024-03-07,10.8,True
3892,197,2024-07-04,6.1,False
3893,63,2024-07-15,6.0,True
3894,111,2023-03-13,2.9,True
3895,140,2023-01-01,4.6,True
3896,213,2023-06-22,6.4,True
3897,123,2024-01-04,8.2,True
3898,27,2024-08-17,4.6,False
3899,204,2024-04-02,10.5,True
3900,113,2023-04-06,5.0,True
3901,40,2024-05-17,8.6,False
3902,42,2023-11-24,3.5,True
3903,46,2023-09-16,1.4,True
3904,159,2024-06-24,6.0,True
3905,209,2023-07-26,,True
3906,98,2024-03-09,7.4,True
3907,22,2023-05-08,,True
3908,196,2023-09-25,3.9,True
3909,140,2024-01-26,2.8,True
3910,126,2024-03-12,7.3,True
3911,14,2024-10-05,6.7,True
3912,214,2023-07-23,3.3,True
3913,17,2024-09-19,10.8,True
3914,135,2024-07-25,2.7,True
3915,132,2023-09-09,3.3,False
3916,114,2023-04-09,15.6,True
3917,122,2023-06-30,9.1,True
3918,88,2024-04-05,3.9,True
3919,127,2024-07-06,6.1,True
3920,81,2024-03-04,5.5,True
3921,105,2024-05-22,0.7,True
3922,150,2023-03-13,2.6,True
3923,164,2023-12-20,4.8,True
3924,34,2024-09-03,3.9,True
3925,219,2023-09-30,5.9,False
3926,22,2024-09-21,10.9,False
3927,61,2023-03-28,4.0,True
3928,77,2024-11-16,2.4,True
3929,72,2024-07-03,6.2,True
3930,78,2024-03-14,3.9,True
3931,72,2024-03-08,4.4,False
3932,96,2024-10-17,4.0,True
3933,168,2023-09-21,23.8,True
3934,183,2023-04-26,1.0,True
3935,77,2024-10-05,3.8,False
3936,57,2023-03-13,4.9,True
3937,149,2024-04-06,2.9,True
3938,14,2023-07-06,9.3,True
3939,99,2024-10-12,8.8,True
3940,49,2024-11-12,4.8,True
3941,134,2023-11-29,4.1,True
3942,18,2024-01-09,4.6,True
3943,183,2023-11-15,4.6,True
3944,60,2023-10-25,4.7,True
3945,114,2024-10-18,,True
3946,126,2023-07-20,5.9,True
3947,105,2024-11-02,8.4,True
3948,99,2024-03-31,2.1,True
3949,59,2024-11-03,2.4,True
3950,170,2024-03-04,1.5,True
3951,114,2024-07-27,9.1,True
3952,48,2023-12-09,5.9,True
3953,58,2023-11-20,7.1,False
3954,97,2023-06-30,1.8,False
3955,186,2023-05-28,17.3,True
3956,212,2023-01-27,3.2,True
3957,86,2023-09-26,5.6,True
3958,87,2024-11-22,9.0,False
3959,29,2024-10-18,2.5,True
3960,121,2024-04-28,3.4,True
3961,53,2023-09-12,5.6,True
3962,181,2023-12-31,36.6,True
3963,118,2024-06-13,6.1,True
3964,49,2023-01-02,15.2,True
3965,202,2024-10-08,11.5,True
3966,180,2024-09-01,,False
3967,67,2024-11-10,2.5,True
3968,27,2023-03-08,10.4,False
3969,59,2024-10-25,1.7,True
3970,83,2024-03-05,15.2,True
3971,90,2024-01-24,5.7,False
3972,181,2023-05-06,0.8,False
3973,213,2023-12-11,3.9,True
3974,165,2023-09-12,7.8,False
3975,186,2024-11-22,4.2,True
3976,28,2023-08-26,8.2,True
3977,33,2023-06-02,2.7,True
3978,200,2024-10-24,,False
3979,136,2023-05-12,4.7,True
3980,52,2024-09-25,5.1,False
3981,175,2024-11-05,3.9,True
3982,39,2023-08-04,11.7,True
3983,169,2024-04-27,,True
3984,195,2024-07-11,6.2,True
3985,108,2024-01-11,5.2,True
3986,145,2024-05-02,1.7,True
3987,162,2023-04-03,2.0,True
3988,194,2023-12-28,5.0,False
3989,129,2023-12-26,19.8,True
3990,65,2024-02-01,7.4,True
3991,45,2024-10-22,1.5,False
3992,79,2024-07-31,0.6,True
3993,13,2024-02-27,8.3,True
3994,154,2023-10-10,4.6,True
3995,82,2023-10-11,11.0,True
3996,157,2023-01-15,2.7,True
3997,14,2024-01-21,6.3,True
3998,71,2023-06-26,9.0,True
3999,87,2024-09-12,3.6,False
4000,20,2024-06-25,3.7,False
